{"type":"FeatureCollection","features":[{"type":"Feature","id":7,"geometry":{"type":"Polygon","coordinates":[[[144.96116340925747,-37.80682793775815],[144.96137527733927,-37.80676619398258],[144.9616324698299,-37.8066910886323],[144.96162620230322,-37.806690799905],[144.9616198491136,-37.80669023934151],[144.9616141633714,-37.8066892397431],[144.96161019705298,-37.80668700916214],[144.96160662137765,-37.80668424463725],[144.96160160556047,-37.80668271592889],[144.9615957275423,-37.80668189323655],[144.9615895641536,-37.806681245839336],[144.9615836861357,-37.80668042314639],[144.9615784829716,-37.806678892095164],[144.96157509351028,-37.80667612989163],[144.9615710341,-37.80667389769788],[144.961565255266,-37.806672896485665],[144.96155899517228,-37.806672337530465],[144.96155225990807,-37.806672040702324],[144.9615457119668,-37.80667174711655],[144.96153916650263,-37.80667136345562],[144.96153271413237,-37.80667098140587],[144.9615265532223,-37.80667024393062],[144.96152163295395,-37.80666862765647],[144.96151824349525,-37.80666586545135],[144.9615139942874,-37.8066637200877],[144.96150840525502,-37.80666263204072],[144.96150233743975,-37.80666189617578],[144.96149636633078,-37.806661071866976],[144.96149106264494,-37.80665980942474],[144.96148767071074,-37.80665713729358],[144.96148572026203,-37.80665313925269],[144.96148405270725,-37.80664905599142],[144.96148123758005,-37.80664585404062],[144.96147650961612,-37.80664405995716],[144.9614714007108,-37.80664252963184],[144.96146714902855,-37.806640474341336],[144.96146500382724,-37.80663674328164],[144.9614641935215,-37.806632134154455],[144.96146396004684,-37.80662699430713],[144.96146373018462,-37.80662176440467],[144.96146378455782,-37.80661635918745],[144.96146387618634,-37.806613027321404],[144.9612970312572,-37.80659401139929],[144.96129608721193,-37.80659426540801],[144.96120553919246,-37.806620808117046],[144.96077979865018,-37.80674561173351],[144.96076352888815,-37.80676506214293],[144.960759253898,-37.80676724015058],[144.9607558050582,-37.80677006418975],[144.96075281293565,-37.80677325570748],[144.9607485415332,-37.8067753445604],[144.96074463375413,-37.806777799279665],[144.960741460399,-37.8067808074233],[144.96073672755452,-37.80678261793168],[144.96073071184176,-37.80678341492926],[144.96072451758266,-37.80678384836388],[144.9607184137567,-37.806784462698424],[144.9607129489654,-37.806785629706496],[144.960709132911,-37.806788177031876],[144.96070513337887,-37.80679054004321],[144.96069948735524,-37.80679152367676],[144.9606932892745,-37.80679213727883],[144.96068700194542,-37.806792568198496],[144.96068126417038,-37.80679346012455],[144.96067690101373,-37.80679545726815],[144.9606738157929,-37.80679864717152],[144.96066991046348,-37.80680101271424],[144.96066609195353,-37.806803649212156],[144.9606641083677,-37.8068076692526],[144.96066249199362,-37.8068119660055],[144.96066041665625,-37.80681589433923],[144.96065660307661,-37.806818351588085],[144.96065307489485,-37.806820632643024],[144.96065046732468,-37.80682347034735],[144.96064697133335,-37.80682458133132],[144.9606432544,-37.806823525665266],[144.9606411874611,-37.80682033665234],[144.96063970345222,-37.806816436793724],[144.9606376439481,-37.806812977556575],[144.96063348292134,-37.80681101302265],[144.9606279696397,-37.8068105570693],[144.96062262137787,-37.80681091503244],[144.96061863534314,-37.80681282858749],[144.96061528209285,-37.80681556325907],[144.96061036935458,-37.80681710029383],[144.9606048114903,-37.806818264783736],[144.96059980813592,-37.806819710130995],[144.96059663229505,-37.80682280834521],[144.96059482993644,-37.80682701175839],[144.9605930287129,-37.80683121519122],[144.96058994707573,-37.806834315937905],[144.96058594753737,-37.80683667894499],[144.96058286592444,-37.80683977879071],[144.96057978315116,-37.806842879517454],[144.96057523021233,-37.8068449625868],[144.96057169208922,-37.806847604838794],[144.9605683363574,-37.8068504295837],[144.9605632362927,-37.80685196337208],[144.96055722307585,-37.806852669385094],[144.96055093571636,-37.806853101198065],[144.96054483072356,-37.806853716404454],[144.96053973427175,-37.80685516013675],[144.96053619369343,-37.80685789156161],[144.96053173629997,-37.80685988706757],[144.96052581369796,-37.80686068476602],[144.960519435722,-37.8068610248902],[144.96051278115007,-37.80686117998819],[144.96050621832907,-37.80686142679256],[144.96049992962566,-37.80686194869714],[144.96049464967058,-37.80686320901393],[144.96049101599627,-37.806865938825],[144.96048692581275,-37.80686821104221],[144.96048146351518,-37.806869287063776],[144.96047590809872,-37.806870362373424],[144.9604709022602,-37.80687189778977],[144.96046745229424,-37.80687472089958],[144.96046299603333,-37.8068767164225],[144.96045688610607,-37.806877510872965],[144.96045060122253,-37.806877852605766],[144.96044394530603,-37.80687809779419],[144.9604373849619,-37.806878254519965],[144.9604313730603,-37.80687887133281],[144.96042608928147,-37.80688031181553],[144.96042254621946,-37.80688313331153],[144.960419008114,-37.806885774657964],[144.9604146449452,-37.80688777179147],[144.96041137734287,-37.80689077829351],[144.9604082039448,-37.80689378732829],[144.96040402812335,-37.80689578680516],[144.96040049494871,-37.806898248902314],[144.9603975212902,-37.80690080990704],[144.96039337652772,-37.8069016392933],[144.9603894747496,-37.80690049029995],[144.96038636189536,-37.806897913990156],[144.96038191301835,-37.806896214814515],[144.96037594077035,-37.80689539042907],[144.96036939529552,-37.8068950067027],[144.96036266001897,-37.80689470980608],[144.96035591730708,-37.806894683133216],[144.960349266346,-37.80689474816681],[144.9603429789822,-37.806895179968514],[144.96033742356207,-37.80689625527154],[144.96033369812972,-37.80689889337064],[144.96033189936816,-37.80690300672422],[144.96033000637706,-37.8069071184456],[144.96032719773245,-37.80691049336554],[144.9603231050631,-37.806912855651525],[144.96031993168535,-37.80691586378305],[144.96031694067366,-37.80691905530859],[144.96031275738804,-37.80692132590698],[144.9603091250476,-37.80692396561776],[144.96030622462578,-37.806927249730975],[144.9603021355935,-37.80692952106041],[144.96029804540086,-37.806931793270756],[144.96029486954274,-37.80693489147625],[144.96029041216326,-37.80693688607198],[144.96028467437307,-37.806937777978234],[144.96027838814072,-37.806938209796044],[144.96027228313923,-37.80693882498803],[144.9602668183304,-37.80693999197482],[144.96026300227788,-37.80694253838428],[144.96025982889648,-37.806945546514065],[144.96025592850376,-37.806947731892976],[144.96025303306072,-37.80695083495463],[144.96025216595336,-37.806955144680195],[144.9602524180375,-37.806959563909956],[144.9602540954443,-37.806963286887886],[144.96025730250105,-37.80696586573411],[144.96025917466753,-37.806969321732666],[144.96025933613657,-37.80697364927514],[144.9602584728512,-37.80697777883167],[144.96025558597816,-37.806980611688886],[144.960250399105,-37.8069818736069],[144.96024438585053,-37.80698258050427],[144.96023819022972,-37.8069831040071],[144.96023254307565,-37.806984086697206],[144.96022826916834,-37.8069862656051],[144.96022509578358,-37.80698927373382],[144.9602208232191,-37.806991362547045],[144.96021663995128,-37.80699363224103],[144.96021346654095,-37.80699664127017],[144.96020900915565,-37.80699863586265],[144.96020327135983,-37.806999527764745],[144.96019698150795,-37.80700004963307],[144.96019096825162,-37.807000756527664],[144.96018578005743,-37.80700210763635],[144.9601826066455,-37.8070051166646],[144.96018062302792,-37.807009136695875],[144.9601785501381,-37.807012974945415],[144.96017492883863,-37.807015254372615],[144.96017004086588,-37.80701589064128],[144.96016518015912,-37.80701553608805],[144.96016204141046,-37.807013859599024],[144.96016184524484,-37.8070107931024],[144.9601637892038,-37.80700821426667],[144.96016695022297,-37.80700565561246],[144.96016856032932,-37.80700162911121],[144.96016953406522,-37.80699687064524],[144.96017023368418,-37.806991837077916],[144.96017157956334,-37.80698717607724],[144.96017365495624,-37.806983246852354],[144.9601773779197,-37.80698069883333],[144.9601801890525,-37.80697723384259],[144.96018180659357,-37.806972937117],[144.96018333124852,-37.80696854866475],[144.96018604928642,-37.80696508206122],[144.96019013948418,-37.80696280985492],[144.96019321977505,-37.806959800114505],[144.96019574305268,-37.806956600489926],[144.96019936189475,-37.80695441023594],[144.96020139760154,-37.80695192310647],[144.9602007325829,-37.80694884758705],[144.96019703545505,-37.80694707221006],[144.96019143785233,-37.80694625430494],[144.96018517279194,-37.80694587542577],[144.9601784350333,-37.806945668593194],[144.96017178902537,-37.80694555346723],[144.96016504383067,-37.80694561685799],[144.9601586658466,-37.80694595696237],[144.9601529255757,-37.806946938936825],[144.96014883540252,-37.80694921024108],[144.9601452972844,-37.806951851578894],[144.9601399217447,-37.80695320034143],[144.96013436879647,-37.806954185559945],[144.9601291855374,-37.80695535741757],[144.96012574794872,-37.80695773014333],[144.9601224144795,-37.80695974510329],[144.9601180066698,-37.80695993819835],[144.96011467675405,-37.806958439532934],[144.96011183443449,-37.806956227471844],[144.96010781859863,-37.80695579743445],[144.96010403721846,-37.80695708369355],[144.96010114920526,-37.806959916527155],[144.9600973430367,-37.80696210353302],[144.9600932553399,-37.80696428476056],[144.96009026429184,-37.806967477180734],[144.96008672617083,-37.806970118516695],[144.96008255031205,-37.806972118882506],[144.9600793857022,-37.806974766688704],[144.96007614400634,-37.80697687245361],[144.96007201524483,-37.806977161399814],[144.96006868667286,-37.806975572638756],[144.96006584187523,-37.806973450651256],[144.9600617329447,-37.806973018999535],[144.96005804217813,-37.80697439694453],[144.96005543323656,-37.80697732472916],[144.96005162345162,-37.806979601788484],[144.96004790048408,-37.8069821498034],[144.9600457344942,-37.806985986437695],[144.96004393323562,-37.80699018986099],[144.96004149176062,-37.80699384238871],[144.9600368520054,-37.806995653579996],[144.96003074699772,-37.80699626875925],[144.96002446819622,-37.80699643033923],[144.9600179141432,-37.80699631679754],[144.96001146289169,-37.80699593468351],[144.96000558734903,-37.80699502183691],[144.96000133816904,-37.806992876419486],[144.9599986137351,-37.806989765221594],[144.9600140487691,-37.806970031009],[144.95969233977814,-37.807054736241795],[144.95947328413592,-37.80711887570114],[144.9594341952191,-37.80713027139817],[144.95945229984557,-37.80714968646207],[144.95945704401032,-37.80715085008393],[144.95946090861642,-37.80715334932722],[144.95946429305798,-37.8071562917391],[144.95946940197757,-37.8071578212505],[144.9594749871887,-37.80715908956341],[144.95948019279317,-37.80716053153333],[144.9594836802732,-37.807163114358445],[144.9594873600117,-37.807165521180984],[144.95949267226902,-37.80716651350916],[144.9594982910597,-37.80716652075609],[144.9595033762642,-37.80716552836389],[144.959506907001,-37.80716315636964],[144.95951080244245,-37.807161152066676],[144.95951606146215,-37.80716061237278],[144.95952110949798,-37.80716097019898],[144.95952481405763,-37.80716247537299],[144.95952557462337,-37.80716546243387],[144.95952372238844,-37.80716813296571],[144.95952047454963,-37.80717041974495],[144.959518313486,-37.80717407621916],[144.95951669951674,-37.80717828287925],[144.9595145310141,-37.80718220957736],[144.95951053142383,-37.80718457254624],[144.95950479112713,-37.80718555448827],[144.95949887703938,-37.807186082830356],[144.95949314418112,-37.807186794547846],[144.95948852173336,-37.80718797609486],[144.9594866683612,-37.80719064660637],[144.95948761875394,-37.80719354593807],[144.9594909373792,-37.80719549591482],[144.95949376979496,-37.80719806738844],[144.95949641238252,-37.807200726591404],[144.9595005125385,-37.80720151858139],[144.9595044738263,-37.80720050581238],[144.95950763487593,-37.807197947176846],[144.95951235535267,-37.80719658799367],[144.95951817386734,-37.807196148112425],[144.959524540612,-37.807196258436434],[144.9595302326632,-37.80719698789237],[144.95953515291887,-37.807198604249386],[144.95953739854446,-37.8072020676315],[144.95953820873436,-37.80720667676825],[144.95953826221452,-37.807211542244445],[144.95953766194765,-37.80721630717601],[144.959536055417,-37.80722024361236],[144.9595329899412,-37.807222713787155],[144.95953123079937,-37.80722538593221],[144.9595317990828,-37.8072285498964],[144.95953540311308,-37.807230323681],[144.95954081588388,-37.80723104829705],[144.95954689859838,-37.80723124381584],[144.95955280886582,-37.80723089564044],[144.95955817699686,-37.80722981712963],[144.9595618057637,-37.80722726749835],[144.95956579432638,-37.807225263906005],[144.9595713373588,-37.80722463991458],[144.95957685810075,-37.80722482569409],[144.95958160095313,-37.807226078504705],[144.95958471624633,-37.807228565661326],[144.9595883277163,-37.80723006922036],[144.95959282866178,-37.807229876857996],[144.95959616461184,-37.80722777273998],[144.95959997194376,-37.80722558577093],[144.95960533756963,-37.80722459823336],[144.9596116274433,-37.80722407639734],[144.95961791370226,-37.80722364461596],[144.95962383636592,-37.807222846063624],[144.95962838439473,-37.80722094318196],[144.9596320192777,-37.80721821251802],[144.95963692842184,-37.80721676648131],[144.95964293539694,-37.80721632985939],[144.95964902306952,-37.80721634522354],[144.95965462698814,-37.80721689291113],[144.95965889600495,-37.807218317743725],[144.95966022350748,-37.807221134391824],[144.95965874230927,-37.8072239014724],[144.95965521901223,-37.80722600324722],[144.95965232849204,-37.807228926143594],[144.9596494341482,-37.807232029208876],[144.9596450684597,-37.807234116387185],[144.95964143856,-37.80723666600144],[144.95963816956717,-37.80723976257484],[144.9596336264714,-37.80724148620825],[144.95962844452924,-37.807242567948634],[144.95962382323995,-37.80724374861985],[144.9596217924398,-37.80724605648983],[144.95962293264202,-37.80724886899175],[144.95962701431108,-37.80725029148042],[144.95963270998234,-37.80725093087655],[144.95963916238844,-37.80725131303157],[144.95964589769252,-37.807251609970436],[144.95965282527956,-37.80725173000536],[144.959659755346,-37.807251759965204],[144.9596665005677,-37.80725169660422],[144.95967315403905,-37.80725154153546],[144.95967925906993,-37.80725092637548],[144.95968417681357,-37.80724920923174],[144.9596877199208,-37.80724638775944],[144.9596925409301,-37.80724475995807],[144.95969864596032,-37.807244144797046],[144.95970530552492,-37.80724380959679],[144.95971177167144,-37.807243651280146],[144.9597152404233,-37.80724353114637],[144.9597152478612,-37.807243260922355],[144.95971534457018,-37.80724317248035],[144.9597156299473,-37.80724299718969],[144.95972035044832,-37.80724163709741],[144.9597330976454,-37.807237893686356],[144.9597334722936,-37.80723790017764],[144.95973365713843,-37.807237993497964],[144.95973384198328,-37.80723808681827],[144.95973772141204,-37.8072366229361],[144.95973903763928,-37.807236465506236],[144.95973904259782,-37.807236285356915],[144.9597392348805,-37.8072361084532],[144.95973942468385,-37.80723602162417],[144.9597655815774,-37.807228275922085],[144.95976595622554,-37.80722828241326],[144.95976613748064,-37.807228464887814],[144.95976632232552,-37.80722855820806],[144.9597701200263,-37.80723691392806],[144.95977011010936,-37.80723727422676],[144.95977437665056,-37.80723878912991],[144.95977747575654,-37.80724190592328],[144.95978115055038,-37.80724449288631],[144.9597853947793,-37.807246818461174],[144.959788207349,-37.8072501114262],[144.95979121336157,-37.80725322660627],[144.9597952653088,-37.807255729084595],[144.95979779250226,-37.80725919734026],[144.95979936078712,-37.8072634591395],[144.9598011188755,-37.80726763410957],[144.95980460141365,-37.80727039707499],[144.95980999683627,-37.80727175220153],[144.95981615529567,-37.80727257984219],[144.95982222066078,-37.80727340586963],[144.9598278059121,-37.80727467326547],[144.95983167051273,-37.807277173397836],[144.95983457981936,-37.80728037701898],[144.95983853753975,-37.8072828778633],[144.9598415423957,-37.80728599392325],[144.95984273221208,-37.80729042940004],[144.9598435313699,-37.807295398814276],[144.95984405124435,-37.80730036338976],[144.95984523496747,-37.80730497899622],[144.959847949514,-37.80730844959562],[144.9598514320558,-37.80731121255973],[144.95985338243077,-37.80731521062524],[144.95985466534276,-37.80731964771481],[144.9598561380584,-37.807323997975146],[144.95985923714653,-37.80732711566728],[144.95986271721048,-37.80732996870577],[144.95986447778304,-37.807334053600314],[144.95986575821684,-37.80733858076448],[144.95986732650712,-37.80734284256292],[144.95987071099842,-37.80734578406299],[144.95987362276367,-37.807348898509325],[144.95987490319825,-37.80735342567339],[144.9598755125552,-37.80735848191667],[144.95987574346518,-37.80736371093736],[144.95987606858026,-37.80736894249135],[144.95987658484273,-37.807373997121736],[144.95987767795341,-37.807378521040334],[144.959880773455,-37.80738172788622],[144.95988387254653,-37.80738484557778],[144.9598853477441,-37.8073891057631],[144.95988614690555,-37.807394075177065],[144.95988666680802,-37.80739903885165],[144.95988756515777,-37.8074038297488],[144.9598898008895,-37.80740765342343],[144.95989328343742,-37.80741041638647],[144.95989552032972,-37.807414239179906],[144.9598962288765,-37.807419116906274],[144.95989645976314,-37.80742434682768],[144.95989649836702,-37.80742975365303],[144.9598965345166,-37.80743524965229],[144.9598954612914,-37.807474243881046],[144.95989549989508,-37.807479650706355],[144.9598955384987,-37.80748505753166],[144.95989595557475,-37.807490290678736],[144.95989685640504,-37.807494991501116],[144.9598993811567,-37.80749854892876],[144.95990295793916,-37.807501313524135],[144.95990491077578,-37.80750522241493],[144.9599060981198,-37.807509747965824],[144.95990756970642,-37.807514098205914],[144.9599105732553,-37.80751730345796],[144.95991395775604,-37.80752024495698],[144.9599155260525,-37.80752450675484],[144.9599160423183,-37.807529561385046],[144.95991627072726,-37.80753488138104],[144.95991621510214,-37.80754028657381],[144.95991615815802,-37.80754578096016],[144.9599150824351,-37.807584866164085],[144.9599150243554,-37.807590360530746],[144.95991506048105,-37.80759585743064],[144.95991500599092,-37.80760126264304],[144.95991532997374,-37.80760649417714],[144.95991613275328,-37.80761137353586],[144.95991837099615,-37.80761510623463],[144.95992214006802,-37.807617693925565],[144.9599252380354,-37.80762081159657],[144.95992795507576,-37.80762419211971],[144.9599321087149,-37.80762642600239],[144.95993587528395,-37.80762910466832],[144.959938783473,-37.80763230826758],[144.9599432224663,-37.807634367759455],[144.95994852123346,-37.807635810421836],[144.95995269963953,-37.80763714445777],[144.95995362882815,-37.80763743090844],[144.95995672682247,-37.807640547677934],[144.95995791665052,-37.80764498315367],[144.95995881252807,-37.80764986412496],[144.95995879517486,-37.80765049464771],[144.9599617108298,-37.80765685249266],[144.9599647146469,-37.80766339119901],[144.9599667220293,-37.80766531844597],[144.9599678250651,-37.807669482065094],[144.95996780771193,-37.80767011258784],[144.9599715541784,-37.80770414462889],[144.9599775166382,-37.80774614360907],[144.95999698911015,-37.80777711464031],[144.96001231925956,-37.80780882496509],[144.96002341899847,-37.80784451639227],[144.96003933308683,-37.807865245183],[144.9600419831789,-37.807867633249884],[144.96004346583084,-37.80787162320942],[144.96004494352505,-37.8078757933183],[144.96004584927113,-37.80787689042078],[144.9600475688034,-37.807879083032596],[144.96005152769766,-37.80788158389033],[144.96005434280605,-37.80788478587426],[144.96005715293194,-37.80788816890824],[144.96006101873178,-37.807890668152915],[144.96006392445722,-37.80789396182406],[144.9600652098693,-37.80789830883691],[144.96006668012842,-37.80790274916958],[144.96006901259292,-37.807906484398956],[144.96007268745404,-37.80790907045312],[144.96007511665334,-37.80791271633934],[144.96007639845212,-37.80791715340711],[144.96007666265612,-37.807917788807444],[144.9600778687122,-37.80792159373968],[144.96008049515368,-37.807924882572216],[144.960084547122,-37.807927385942406],[144.96008672699173,-37.807929855980014],[144.96008745532876,-37.807930589538344],[144.9600903621922,-37.807933883228586],[144.96009451582864,-37.80793611800679],[144.9600979003553,-37.807939059501095],[144.9601007104852,-37.80794244253412],[144.96010467186355,-37.80794485331549],[144.96010815692298,-37.80794752619819],[144.96011086900057,-37.80795108776764],[144.96011435158164,-37.807953850724864],[144.9601177385888,-37.807956702143954],[144.96011930442629,-37.8079610540141],[144.96011991741725,-37.80796602020123],[144.9601200527454,-37.80797133858421],[144.96012018445938,-37.80797674702218],[144.96012031865226,-37.807982065385495],[144.9601205470758,-37.80798738538117],[144.9601210633822,-37.807992439109846],[144.96012272840898,-37.807996612462965],[144.9601262084889,-37.80799946639532],[144.96012902226124,-37.80800275847195],[144.96013040077418,-37.808007107096884],[144.96013149638688,-37.80801154093871],[144.96013364155655,-37.8080152720211],[144.96013685113164,-37.80801776079668],[144.96013854590603,-37.808020853253396],[144.96013779666063,-37.8080242638427],[144.96013473116972,-37.80802673403245],[144.9601322276818,-37.8080292130566],[144.9601318406352,-37.80802965693986],[144.96013022667955,-37.80803386360825],[144.96012879395684,-37.80803825365141],[144.96012662545883,-37.808042180360474],[144.96012289993502,-37.80804481935128],[144.96012251404835,-37.80804526235343],[144.96012018546648,-37.808048195896525],[144.96011893015353,-37.808052949483326],[144.96011822938246,-37.80805798302944],[144.96011761543022,-37.80806328753121],[144.96011709702742,-37.80806850447176],[144.96011612079207,-37.80807335301066],[144.96011602025993,-37.80807362162199],[144.9601143195082,-37.808077556433666],[144.9601107763754,-37.80808037791774],[144.96010787589745,-37.808083662023904],[144.9601065324453,-37.80808823384844],[144.96010555373007,-37.808093172461895],[144.96010466813493,-37.80809811178731],[144.9601031423138,-37.80810250021729],[144.96010005812246,-37.808105691023094],[144.9600968177198,-37.80810770669242],[144.9600961502507,-37.80810814571768],[144.96009324979576,-37.808111428922686],[144.96011435025184,-37.80814792441053],[144.9601542945442,-37.808176907896026],[144.960200117049,-37.80821013770345],[144.96020283412253,-37.808213518220924],[144.96020449802307,-37.80821769155333],[144.96020625615475,-37.808221866518046],[144.96020935531863,-37.80822498330126],[144.96021312688512,-37.80822748180989],[144.96021584148107,-37.808230952401765],[144.9602189395104,-37.808234069165074],[144.96022280417338,-37.80823656928606],[144.96022523339022,-37.808240215169526],[144.96022651633814,-37.8082446522555],[144.9602278923819,-37.808249090954085],[144.96023070503256,-37.80825238300893],[144.9602343785479,-37.808255060053675],[144.96023642206205,-37.80825905972615],[144.96023761191523,-37.80826349519938],[144.96023908353445,-37.80826784543581],[144.96024199289607,-37.80827104904802],[144.96024510197842,-37.808273805531634],[144.9602463937077,-37.80827788229902],[144.96024627093067,-37.80828238515217],[144.96024484812423,-37.80828641489788],[144.96028694109563,-37.808346249477445],[144.9602898504623,-37.80834945308858],[144.96029132322138,-37.8083538033441],[144.96029279598068,-37.80835815359958],[144.96029551190355,-37.808361534996195],[144.96029918297268,-37.80836430121302],[144.96030094359153,-37.80836838610178],[144.96030174526723,-37.808373265438576],[144.9603020704136,-37.80837849699154],[144.9603023944247,-37.80838372852483],[144.9603026278186,-37.808388868370876],[144.96030343445193,-37.80839356755825],[144.9603054890234,-37.808397206950595],[144.9603086055493,-37.80839969320865],[144.96030992207076,-37.80840286922854],[144.96030889733805,-37.80840609571283],[144.9603060266242,-37.80840829802663],[144.96030583681838,-37.8084083848565],[144.96030611589808,-37.80840847980825],[144.9603062996112,-37.808408573108096],[144.96033451116085,-37.80846915851422],[144.96033450127103,-37.80846951791221],[144.96033430898643,-37.808469694816814],[144.96033421227645,-37.80846978325926],[144.96033279911015,-37.808470119251645],[144.9603326093042,-37.80847020608156],[144.96033307596187,-37.80847363863434],[144.96033320885076,-37.80847904619105],[144.96033334305818,-37.80848436455417],[144.96033347478692,-37.808489772991955],[144.96033361012968,-37.808495091374695],[144.9603341264278,-37.80850014600331],[144.96033559919212,-37.80850449625833],[144.96033888952226,-37.80850743611423],[144.96034189560723,-37.80851055128177],[144.96034346146826,-37.80851490314926],[144.96034362648786,-37.808515717066214],[144.96034474442732,-37.80851934023409],[144.96034688466418,-37.808523251462404],[144.96035065263627,-37.8085258400221],[144.96035403967792,-37.80852869143514],[144.96035656696355,-37.80853215877938],[144.96036043030315,-37.80853474899063],[144.9603641983011,-37.80853733664917],[144.9603668197941,-37.80854080652613],[144.96036727765545,-37.80854117402615],[144.96037020435847,-37.80854374801344],[144.96037378255113,-37.80854642250164],[144.96037573164082,-37.808550510653795],[144.9603765382801,-37.80855520984077],[144.96037696148528,-37.80856026285671],[144.96037753231604,-37.808563335842024],[144.96037785739895,-37.80856514382522],[144.9603798078326,-37.808569141882955],[144.96038054227117,-37.80856969530994],[144.96038328794867,-37.80857199580852],[144.96038562543094,-37.808575549982145],[144.9603868103401,-37.80858016560343],[144.9603873514282,-37.80858431948497],[144.960387346471,-37.80858449963436],[144.96038803525394,-37.80859009705484],[144.9603889683228,-37.80859362780373],[144.96038913088918,-37.808594530894574],[144.96039176116437,-37.808597640452625],[144.9603945005676,-37.808600210293946],[144.96039496838878,-37.80860364196542],[144.96039292022266,-37.808606580370636],[144.9603893038065,-37.80860867965244],[144.96038650002887,-37.80861187532245],[144.96038360204435,-37.80861506845946],[144.960379790864,-37.80861743472027],[144.96037688544308,-37.80862089808115],[144.96037581994145,-37.80862556484049],[144.96037502112713,-37.80863077692487],[144.9603747793386,-37.808636178892776],[144.9603745339361,-37.80864167091572],[144.96037428966883,-37.8086471629583],[144.96037352146942,-37.80867507980578],[144.96037346339438,-37.808680575073396],[144.9603734064546,-37.80868607036069],[144.9603733508581,-37.808691475553616],[144.96037386222727,-37.80869670943063],[144.9603746700029,-37.80870140863719],[144.96037738214434,-37.80870496930051],[144.9603811526051,-37.80870746778475],[144.9603839664145,-37.80871075985605],[144.96038696889536,-37.808713965077644],[144.96038705951307,-37.80871405676484],[144.96039111896997,-37.80871628990165],[144.9603944104467,-37.80871922977592],[144.96039722309703,-37.808722522728004],[144.96040137185395,-37.808724936745264],[144.9604048569599,-37.80872760962021],[144.96040747732587,-37.80873107947678],[144.96041134070214,-37.808733668785884],[144.9604152984935,-37.808736170513775],[144.96041792497752,-37.80873945933966],[144.9604214051276,-37.808742312363535],[144.9604255563402,-37.80874463720605],[144.96042836901762,-37.808747929256704],[144.96043165801868,-37.80875095920467],[144.9604360003819,-37.80875310712247],[144.96043938495842,-37.808756048608025],[144.96044248660746,-37.80875907621182],[144.96044749646947,-37.80876078420139],[144.96045298758736,-37.808762050839405],[144.96045809527058,-37.80876367130639],[144.96046167213356,-37.80876643588658],[144.96046477019493,-37.8087695526441],[144.9604660641417,-37.80877020587909],[144.96046901946383,-37.80877169894826],[144.96047231094613,-37.808774638820466],[144.96047493134168,-37.80877810777488],[144.96047851809521,-37.80878051295658],[144.9604787004663,-37.808780696350524],[144.96048170295407,-37.80878390156987],[144.9604830815003,-37.80878825019115],[144.9604835518049,-37.80879159178766],[144.96048388184815,-37.808793219621215],[144.9604844006362,-37.80879818417459],[144.96048548884426,-37.80880288823756],[144.96048801366646,-37.80880644565395],[144.96049130897268,-37.80880920535664],[144.96049344426808,-37.808813296731955],[144.96049415647735,-37.80881808440012],[144.9604946727877,-37.808823139028156],[144.96049557119,-37.808827929921186],[144.96049742740462,-37.80883192634509],[144.96050109847928,-37.808834693457044],[144.96050438883026,-37.80883763330878],[144.960505563762,-37.80883918565819],[144.9605056604723,-37.80883909721559],[144.960505940897,-37.80883910207256],[144.96050621636473,-37.80883928707892],[144.9605064012145,-37.80883938039814],[144.9605066629715,-37.80884010497156],[144.960506751111,-37.80884028673336],[144.9605066530576,-37.808840465270315],[144.96050646325088,-37.80884055210047],[144.9605064607724,-37.80884064217517],[144.960506820558,-37.80884118911237],[144.96051039740172,-37.80884395459195],[144.9605136877535,-37.80884689444345],[144.96051525610935,-37.808851156234226],[144.9605160589383,-37.80885603558941],[144.96051657525032,-37.808861090217356],[144.96051716591634,-37.80886344260456],[144.9605174474765,-37.808863447481166],[144.96051772542282,-37.80886354241281],[144.96051772046587,-37.80886372256219],[144.9605202863404,-37.8088691731589],[144.9605202764265,-37.80886953345765],[144.96052008661974,-37.80886962028782],[144.96052008414128,-37.80886971036252],[144.96052348111863,-37.80887220147241],[144.96052572056317,-37.80887593418053],[144.96052700106003,-37.80888046133832],[144.96052837713202,-37.808884900033796],[144.96053109421942,-37.80888828144523],[144.96053476666603,-37.808890957561125],[144.96053681382637,-37.80889486717393],[144.96053809680262,-37.80889930425691],[144.96053966516092,-37.80890356604739],[144.96054276434162,-37.808906683723464],[144.96054662907483,-37.80890918293412],[144.96054924699996,-37.80891274196173],[144.96055215885303,-37.808915856393114],[144.960555838737,-37.808918262284315],[144.96055760929565,-37.8089219868709],[144.9605581454381,-37.80892632090116],[144.9605573714166,-37.80893063223987],[144.96055503786525,-37.80893374594023],[144.96055206908383,-37.80893612679643],[144.96055165972882,-37.80893738135319],[144.9605518470573,-37.808937384597655],[144.96055184457887,-37.80893747467235],[144.96055212118242,-37.80893765969826],[144.9605550369593,-37.8089440166294],[144.96055502952404,-37.80894428685347],[144.96055483723867,-37.808944463758394],[144.9605557553969,-37.8089451104839],[144.96055790557006,-37.808948661410014],[144.9605590954518,-37.808953096880394],[144.96055978167004,-37.808955361705884],[144.96056015632712,-37.80895536819478],[144.96056033869883,-37.80895555158863],[144.96056043045235,-37.808955643295384],[144.9605616687674,-37.80895827725222],[144.96056165885372,-37.808958637550994],[144.9605615632787,-37.80895872601329],[144.9605613734717,-37.80895881284352],[144.96056309441113,-37.808960914453515],[144.96056676797292,-37.808963591488926],[144.96056891071186,-37.80896741263895],[144.96057009698077,-37.80897193816427],[144.96057156976718,-37.808976288416666],[144.9605744766916,-37.808979582096185],[144.96057795683396,-37.80898243601658],[144.96057933786747,-37.80898669456215],[144.96058013822332,-37.808991663991655],[144.96058036918288,-37.80899689301117],[144.96058056038575,-37.80900014055692],[144.96058069321435,-37.80900212454384],[144.96058111395627,-37.80900726763384],[144.96058229774806,-37.809011883233744],[144.96058510909916,-37.80901526537534],[144.96058566003632,-37.80901563538773],[144.96058594407543,-37.80901555018951],[144.96058754953677,-37.809015037289406],[144.96058792419416,-37.809015043778246],[144.96058810656606,-37.80901522717205],[144.96058829141637,-37.80901532049115],[144.96058935342876,-37.80901759182496],[144.9605893435152,-37.80901795212373],[144.9605891537081,-37.80901803895402],[144.9605890569977,-37.809018127396676],[144.96059140689505,-37.80902123119319],[144.9605943163004,-37.80902443479761],[144.96059836834533,-37.80902693815189],[144.96060089565856,-37.80903040549139],[144.9606022717374,-37.80903484418613],[144.96060364895172,-37.80903928290052],[144.96060608203356,-37.80904274860792],[144.96060975198722,-37.80904551569715],[144.96061170244502,-37.80904951375147],[144.96061260085702,-37.80905430464375],[144.9606131183365,-37.80905935839024],[144.96061392003824,-37.80906423772518],[144.96061567821118,-37.80906841268445],[144.96061906526245,-37.80907126499138],[144.96062188157413,-37.80907446698282],[144.96062325765493,-37.80907890567733],[144.960624727968,-37.80908334600384],[144.9606268731915,-37.809087077078225],[144.96063083100879,-37.80908957879947],[144.96063393270398,-37.809092605497966],[144.9606364575427,-37.809096162911494],[144.96064003936,-37.80909874823813],[144.96064304930215,-37.8091016832297],[144.96064386835454,-37.809105932041604],[144.96064365384413,-37.80911034318854],[144.96064195309373,-37.80911427800731],[144.9606385115713,-37.80911683181462],[144.9606360006262,-37.80911958107255],[144.9606356110982,-37.809120115032016],[144.9606339946659,-37.809124411781426],[144.96063246637354,-37.80912889029252],[144.96063011549492,-37.80913263361629],[144.96062639243485,-37.80913518164608],[144.96062385670507,-37.809138831650635],[144.96062269563473,-37.809143586874406],[144.9606220841595,-37.80914880220473],[144.96062184372857,-37.80915411407884],[144.96062169505143,-37.80915951765964],[144.96062173370333,-37.80916492448479],[144.96062206024106,-37.80917006504187],[144.9606230553654,-37.80917476749136],[144.9606254859492,-37.809178324173885],[144.96062896726272,-37.8091811772119],[144.96063082101426,-37.80918526370862],[144.96063162385346,-37.809190143063084],[144.96063214017465,-37.80919519769053],[144.96063285373847,-37.80919989526358],[144.96063452377516,-37.809203888460885],[144.96063626072748,-37.809205449641446],[144.9606376353885,-37.80920655486057],[144.96063952133483,-37.80920947128693],[144.960638959427,-37.80921288512345],[144.96064625189769,-37.80924400557268],[144.96068977631936,-37.80930629707516],[144.9606932675544,-37.80930878981269],[144.9606947527206,-37.809312690591],[144.96069491173566,-37.80931710820684],[144.96069358068507,-37.8093212296641],[144.96069041464915,-37.80932396757782],[144.96068650920824,-37.80932633221556],[144.96068361118216,-37.80932952625991],[144.96067951954657,-37.80933188767276],[144.96067405456503,-37.80933305467312],[144.96066840834584,-37.80933403829918],[144.960665567345,-37.8093351597244],[144.9606634319822,-37.80936170203144],[144.96068828669655,-37.80938087334141],[144.9606924875188,-37.80938139668169],[144.9606943200271,-37.80938287029988],[144.96069532997083,-37.809383607830355],[144.96069865863808,-37.80938519747733],[144.96070287319506,-37.80938518034944],[144.9607061086829,-37.80938334481437],[144.96070924996286,-37.809381506746476],[144.960713465655,-37.80938148963786],[144.96071678575242,-37.80938334948878],[144.96071960837912,-37.80938628123442],[144.960723672839,-37.809388334211484],[144.96072753873833,-37.80939083343655],[144.96073044702814,-37.80939403701833],[144.96073478809444,-37.80939627502057],[144.96074008945655,-37.80939762847704],[144.96074538588718,-37.80939916118194],[144.9607488696689,-37.8094019250428],[144.96075053362412,-37.80940609836835],[144.96075182157722,-37.809410355299875],[144.96075406352668,-37.80941399792943],[144.96075727568484,-37.80941639571443],[144.96075887625756,-37.80941948743202],[144.9607583168314,-37.80942281119441],[144.9607555367086,-37.809425105205015],[144.9607534971023,-37.809427773411464],[144.96075368338134,-37.8094312002056],[144.96075604321098,-37.80943394370044],[144.96075905314615,-37.80943687959013],[144.96076024552474,-37.80944122498401],[144.96076067010134,-37.809446187904406],[144.96076080549815,-37.80945150538604],[144.96076074744855,-37.809457000654],[144.96076078363154,-37.809462497553845],[144.96076082229274,-37.809467904379005],[144.96076095518652,-37.809473312836076],[144.96076118502347,-37.8094785418356],[144.96076208344914,-37.809483332726835],[144.96076451273106,-37.809486978600404],[144.96076809209302,-37.809489653998355],[144.96077023237825,-37.809493565219825],[144.96077151537733,-37.809498002300536],[144.96077308128207,-37.80950235416295],[144.96077608628892,-37.809505469300944],[144.96077995103587,-37.80950796940557],[144.9607825726058,-37.80951143837354],[144.96078557513528,-37.809514643586006],[144.96078934565034,-37.80951714205844],[144.9607916757456,-37.80952096644898],[144.96079267336268,-37.80952557882254],[144.96079318969618,-37.8095306334494],[144.96079399254882,-37.8095355128029],[144.9607954642229,-37.80953986303315],[144.96079875575128,-37.809542802897234],[144.9608016627071,-37.80954609657181],[144.96080275342243,-37.8095507105575],[144.96080326975672,-37.80955576518432],[144.9608035007072,-37.8095609951042],[144.96080382475512,-37.80956622663629],[144.96080443532225,-37.809571282895014],[144.96080571832454,-37.80957571997538],[144.960808913144,-37.809578748282036],[144.96081201125276,-37.80958186503141],[144.9608135796396,-37.809586126818665],[144.96081495687542,-37.809590565530854],[144.96081690983564,-37.809594473507445],[144.960820582302,-37.80959715051618],[144.96082406364224,-37.809600003549015],[144.96082677717948,-37.809603474108684],[144.96083045326012,-37.80960606106208],[144.96083431803885,-37.809608560264344],[144.96083703519037,-37.80961194076874],[144.96084051537179,-37.809614794682204],[144.96084457243785,-37.80961711697882],[144.96084738627627,-37.80962040994091],[144.9608503888128,-37.80962361515186],[144.9608543491687,-37.80962602589099],[144.9608570613407,-37.809629587445095],[144.96085739885422,-37.8096309441529],[144.96085834682515,-37.809633934450304],[144.9608596273535,-37.80963846160486],[144.96086224779626,-37.809641930551585],[144.96086601700233,-37.80964451821539],[144.96086816225312,-37.809648249285864],[144.96086963506886,-37.809652599534964],[144.9608715830525,-37.8096566885609],[144.96087544535712,-37.8096592778366],[144.96088084592972,-37.809660452769734],[144.960885043156,-37.80966106615869],[144.96088681727062,-37.80966127711614],[144.96089250820856,-37.80966209570537],[144.96089724873687,-37.80966343944308],[144.96089913968532,-37.809666174815526],[144.9608984934397,-37.809669227623424],[144.96089543401888,-37.80967151680063],[144.96089318859802,-37.8096748122686],[144.9608925572453,-37.80967732372751],[144.96089388238184,-37.809680229537165],[144.9608920895774,-37.809680739197056],[144.96089171139363,-37.809684246333774],[144.9608920440175,-37.809689207661286],[144.9608930429854,-37.80969372993974],[144.96089576259587,-37.80969702126897],[144.96089877504977,-37.80969986617999],[144.96089997373903,-37.80970394132887],[144.96089994409292,-37.80970844579492],[144.9608987036651,-37.80971265894122],[144.9608958142264,-37.80971558188522],[144.96089264206392,-37.809718500834435],[144.96089130358172,-37.809722892517875],[144.9608905147005,-37.809727744306734],[144.9608906600186,-37.80973270148949],[144.9608914667001,-37.80973740067335],[144.96089371111904,-37.80974095412659],[144.96089757342875,-37.80974354340167],[144.96090057597223,-37.8097467486115],[144.96090338868254,-37.80975004155271],[144.96090744689317,-37.80975236386705],[144.96091083039752,-37.80975530532078],[144.9609134519572,-37.8097587751869],[144.96091722117086,-37.80976136284923],[144.96092060581137,-37.809764304322385],[144.96092217668593,-37.80976847603363],[144.96092345969822,-37.80977291311289],[144.96092559997447,-37.80977682523257],[144.9609293691895,-37.809779412894564],[144.96093275517396,-37.80978226427303],[144.9609351844488,-37.80978591104417],[144.96093885695356,-37.809788587148766],[144.96094233830718,-37.80979144017843],[144.96094409899226,-37.80979552505864],[144.96094538200626,-37.80979996213768],[144.9609471426669,-37.80980404791862],[144.9609506228862,-37.80980690092838],[144.96095317254338,-37.809809557588856],[144.96095372214555,-37.80981001769403],[144.96095441199606,-37.80981219246243],[144.96095458580137,-37.80981264606016],[144.96095971140124,-37.8098238165796],[144.9609598031563,-37.80982390828606],[144.9609620053862,-37.80982556853763],[144.96096462584006,-37.80982903748229],[144.96096571656895,-37.80983365146667],[144.9609661645978,-37.80983780373382],[144.96096632601322,-37.80983870770505],[144.960967033304,-37.80984367552015],[144.9609681265112,-37.80984819942983],[144.96097093925303,-37.80985149146883],[144.9609733213808,-37.80985342518816],[144.9609744194754,-37.809854344477955],[144.9609762743967,-37.8098584309895],[144.96097721246298,-37.809861781584864],[144.96097720998497,-37.809861871659564],[144.96097791472937,-37.80986350507888],[144.9609800376898,-37.80986804681984],[144.96098021892936,-37.809868230193445],[144.96098231815122,-37.809870249131365],[144.96098541989244,-37.80987327582156],[144.96098670291008,-37.809877712900224],[144.96098731235602,-37.8098827691385],[144.96098737189735,-37.809884031816075],[144.96098754331948,-37.80988799905815],[144.96098786738077,-37.80989323058989],[144.960988477987,-37.80989828594707],[144.96098976100515,-37.8099027230257],[144.96099276601208,-37.809905839059425],[144.96099653275792,-37.80990851679417],[144.9609989634072,-37.809912072569006],[144.9610012425279,-37.80991436497457],[144.96100215574592,-37.80991519184636],[144.96100583187268,-37.80991777789403],[144.96100797218202,-37.809921689111604],[144.9610088731057,-37.80992638992656],[144.96100948255338,-37.80993144616474],[144.96100955200694,-37.8099323485435],[144.96101264280014,-37.80993915908187],[144.96101414534016,-37.8099424293337],[144.96101515281666,-37.80994325693638],[144.961017590877,-37.809946543387525],[144.96101831190433,-37.809950970734484],[144.96101830199248,-37.809951331033275],[144.9610179100803,-37.80995537863828],[144.9610160244749,-37.80995922014343],[144.96101258294905,-37.80996177305983],[144.96101014278364,-37.80996533460933],[144.9610089817225,-37.80997008983661],[144.96100846584076,-37.809975216706235],[144.96100822904543,-37.80998043852609],[144.96100836577708,-37.80998566681393],[144.96100898131633,-37.809990542922336],[144.96101093181855,-37.80999454097078],[144.9610147010474,-37.80999712863035],[144.96101808815538,-37.80999998092704],[144.96102099400287,-37.810003274577085],[144.96102562547907,-37.81000515622597],[144.96103111422138,-37.81000651291442],[144.96103641676802,-37.810007866378484],[144.9610401848631,-37.810010454017615],[144.96104318853378,-37.81001366014456],[144.96104733872573,-37.810015984046906],[144.9610480707054,-37.81001662754487],[144.96105091812296,-37.810018659437056],[144.96105353610963,-37.810022218454655],[144.96105711553216,-37.810024892943886],[144.96106050018994,-37.81002783441338],[144.9610620685747,-37.81003209709846],[144.96106296704974,-37.81003688708697],[144.96106358259289,-37.81004176319515],[144.96106476756387,-37.81004637881046],[144.96106748605905,-37.81004967011644],[144.9610723991041,-37.81005155663901],[144.96107750823222,-37.810053086987374],[144.96108165956284,-37.81005541090823],[144.96108351583717,-37.81005940732392],[144.96108431871318,-37.810064286675725],[144.96108454968348,-37.810069516595256],[144.96108468146463,-37.810074925032495],[144.96108490995707,-37.81008024502671],[144.9610849511181,-37.81008556177722],[144.9610855605966,-37.81009061711431],[144.96108703591065,-37.8100948772863],[144.96109042054795,-37.8100978196558],[144.9610932308264,-37.81010120176688],[144.9610944182779,-37.8101057273072],[144.96109503021026,-37.81011069347029],[144.9610955501799,-37.810115658041035],[144.9610967340185,-37.810120273636365],[144.96109935201076,-37.810123832653055],[144.9611027391525,-37.81012668404677],[144.96110440427765,-37.81013085738755],[144.96110511292213,-37.81013573510756],[144.96110543812733,-37.81014096665869],[144.9611055163583,-37.810141508718935],[144.96110575971937,-37.81014628826488],[144.96110618297857,-37.81015134127859],[144.9611071770088,-37.81015604370487],[144.96110979748062,-37.81015951264664],[144.96111366095468,-37.81016210193499],[144.96111647368963,-37.81016539487164],[144.96111938316093,-37.810168598464415],[144.96112353336386,-37.81017092236433],[144.9611268249078,-37.810173863120866],[144.96112944538115,-37.81017733206225],[144.96113331019933,-37.810179831255624],[144.96113640945669,-37.8101829489177],[144.96113807210705,-37.81018721233274],[144.96113935400314,-37.810191649390276],[144.96114130813044,-37.81019555738175],[144.9611448839512,-37.81019832192362],[144.9611473157272,-37.81020187861613],[144.96114821916498,-37.81020648845468],[144.96114827024147,-37.810211444906365],[144.9611476662243,-37.81021639001525],[144.96114632774677,-37.81022078170139],[144.96114324732704,-37.81022379236314],[144.96114457248234,-37.810226698170275],[144.9611372080262,-37.81022882269473],[144.96113653063193,-37.8102296220242],[144.96113308050346,-37.81023244604897],[144.96112880645413,-37.81023462408304],[144.96112563048183,-37.81023772230623],[144.96112245582697,-37.81024073133571],[144.96112212963408,-37.810300280809855],[144.96114155757968,-37.81033629656694],[144.96119549715732,-37.8103979571627],[144.96119945619802,-37.810400458886555],[144.96120217587173,-37.810403749308726],[144.96120594758068,-37.81040624778881],[144.9612089600745,-37.81040909269277],[144.96120996650282,-37.810413344744745],[144.9612097520187,-37.81041775589266],[144.96120814436327,-37.81042169233073],[144.96127829683186,-37.81047966932986],[144.96128388366805,-37.81048084747002],[144.96128793829243,-37.810483260728255],[144.96129084778315,-37.81048646431723],[144.9612948068566,-37.81048896513732],[144.96129819151972,-37.8104919075014],[144.96129976242935,-37.81049607920819],[144.96130113857362,-37.81050051789571],[144.96130309023934,-37.81050451595947],[144.9613066685584,-37.8105071904222],[144.96130947999697,-37.810510572548296],[144.96131095171833,-37.81051492277285],[144.96131223476496,-37.81051935984841],[144.96131447674875,-37.81052300336914],[144.96131852892356,-37.81052550580037],[144.9613216282275,-37.810528622557285],[144.96132415198556,-37.81053218083869],[144.96132792125232,-37.81053476848913],[144.96133083074676,-37.81053797207719],[144.9613320170833,-37.810542497595755],[144.96133244035897,-37.81054755060885],[144.96133248153646,-37.81055286735939],[144.9613320574275,-37.8105580859367],[144.96133126495067,-37.8105630277835],[144.96132964852293,-37.81056732454173],[144.96132629016643,-37.810570239377235],[144.96132320480814,-37.81057342929197],[144.96132186137817,-37.81057800112941],[144.9613210675581,-37.81058303307047],[144.96132082582554,-37.810588435040465],[144.9613203931472,-37.81059392382213],[144.9613202593791,-37.81059878695569],[144.96132053846833,-37.81059888190529],[144.9613206290894,-37.81059897359184],[144.96132081149167,-37.81059915608389],[144.9613214244688,-37.8106006986959],[144.9613214145582,-37.81060105899474],[144.96132131650418,-37.81060123753231],[144.96132112669378,-37.81060132436366],[144.96132046664138,-37.81060149317113],[144.9613201850745,-37.810601488296236],[144.96132018766048,-37.81060482179125],[144.961320319458,-37.81061023022829],[144.96132064715667,-37.810615371704216],[144.96132173430422,-37.81062007574076],[144.96132435593705,-37.81062354469794],[144.9613276488756,-37.810626394454346],[144.96132940712224,-37.81063056940415],[144.961330210019,-37.81063544875449],[144.96133072639353,-37.81064050337939],[144.96133144001158,-37.81064520094879],[144.96133320682713,-37.81064910569406],[144.9613364140764,-37.81065168451504],[144.96133802463328,-37.810654415026036],[144.96133811029918,-37.810654686862],[144.9613378288411,-37.810658105556875],[144.96133523465343,-37.810660493818354],[144.96133301020097,-37.810663067815135],[144.96133310227316,-37.810666492977035],[144.9613352748043,-37.81066923411887],[144.96133838650286,-37.81067190050191],[144.96134005660755,-37.81067589369031],[144.9613411523253,-37.810680327522206],[144.96134281386207,-37.810684590915045],[144.96134610543692,-37.81068753166613],[144.9613493959014,-37.81069047149673],[144.96135105857422,-37.8106947349091],[144.96135233914828,-37.81069926205895],[144.96135409987554,-37.81070334693373],[144.96135748705285,-37.81070619832089],[144.961358211609,-37.81070711204124],[144.9613602998184,-37.810709491252325],[144.96136139058257,-37.81071410523349],[144.9613619056173,-37.810719249952626],[144.9613619443436,-37.81072465587704],[144.9613620786216,-37.81072997423932],[144.96136221042198,-37.81073538267629],[144.96136244141186,-37.81074061259534],[144.96136324431166,-37.81074549194547],[144.96136519485125,-37.81074948998869],[144.9613687718418,-37.81075225454416],[144.96137101024678,-37.81075598721831],[144.96137200543563,-37.81076068966224],[144.96137242757925,-37.81076574265549],[144.9613733247142,-37.810770623637026],[144.96137479892138,-37.810774883786166],[144.96137809052613,-37.810777823635725],[144.96138176059267,-37.81078059070344],[144.9613841949005,-37.810784056416146],[144.96138776828047,-37.810786911026156],[144.96139182653764,-37.81078923422621],[144.96139463685495,-37.8107926163309],[144.96139763946096,-37.81079582152934],[144.96140141119614,-37.810798320003805],[144.96140383693736,-37.81080205592061],[144.96140483460636,-37.81080666828962],[144.96140506053234,-37.81080865478831],[144.9614053509867,-37.81081172291423],[144.9614061527545,-37.81081660224445],[144.9614076256222,-37.81082095248761],[144.96141101032927,-37.810823893948104],[144.96141410964913,-37.81082701070291],[144.96141549076066,-37.81083126923981],[144.96141677134068,-37.81083579638904],[144.961418626284,-37.81083988379513],[144.96142229885743,-37.81084255988623],[144.96142511165564,-37.810845851915516],[144.96142658452493,-37.81085020215846],[144.9614279606825,-37.810854640844646],[144.9614302002287,-37.81085837353743],[144.9614340650672,-37.8108608736227],[144.9614372599661,-37.81086390191401],[144.96143978490065,-37.81086745931216],[144.9614418097482,-37.81086875601362],[144.96144355416334,-37.8108700478601],[144.96144674906301,-37.810873076151175],[144.96144850484418,-37.810877341174105],[144.96144969366998,-37.8108817766169],[144.96145164783044,-37.81088568460376],[144.9614553203825,-37.81088836159465],[144.96145813070635,-37.81089174369796],[144.96145950686645,-37.81089618238383],[144.9614606968285,-37.81090061784616],[144.96146302947682,-37.810904352150125],[144.9614667020302,-37.81090702914069],[144.96146922696755,-37.81091058653825],[144.96147051002953,-37.81091502361226],[144.96147198042524,-37.8109194639294],[144.96147460341734,-37.81092284278922],[144.96147856499744,-37.810925253529085],[144.96148156511,-37.810928549701046],[144.96148447462596,-37.81093175328574],[144.96148862485782,-37.8109340780748],[144.96149191647402,-37.81093701792144],[144.96149482237792,-37.81094031156096],[144.96149869083567,-37.810942721589214],[144.96150236093953,-37.8109454877527],[144.96150488835733,-37.810948955074856],[144.96150827552665,-37.810951807358805],[144.9615118525322,-37.8109545719103],[144.9615134234626,-37.81095874361456],[144.96151450680702,-37.81096362781865],[144.96151493009623,-37.81096868083119],[144.96151583106197,-37.81097338164274],[144.961517877192,-37.8109772912207],[144.96152135862243,-37.81098014423493],[144.9615235970416,-37.810983876906434],[144.96152449553057,-37.81098866779266],[144.96152491634314,-37.810993810879886],[144.9615252404437,-37.81099904241043],[144.96152547144507,-37.8110042723293],[144.96152618012306,-37.81100915004714],[144.96152794086663,-37.811013234919585],[144.96153161211038,-37.811016001101926],[144.9615343268657,-37.81101947166658],[144.96153551569856,-37.81102390710861],[144.96153679628873,-37.811028434256706],[144.96153913139727,-37.81103207938534],[144.96154280150702,-37.81103484554771],[144.96154485373023,-37.81103857499546],[144.96154565550904,-37.811043454324896],[144.96154588898926,-37.811048594168994],[144.96154574284674,-37.81105390767646],[144.9615453212257,-37.81105903617974],[144.96154434505968,-37.811063883828986],[144.96154217899226,-37.81106772138787],[144.96153864071852,-37.8110703627616],[144.96153657768437,-37.81107384073245],[144.96153601579962,-37.81107725457304],[144.96153620313365,-37.81107725781609],[144.96153629375556,-37.811077349502504],[144.9615364761347,-37.81107753289499],[144.96154070980086,-37.811087066732526],[144.96154079794533,-37.81108724849364],[144.96154070236858,-37.81108733695667],[144.9615406043144,-37.811087515494414],[144.96154226193383,-37.81108853548406],[144.96154498164697,-37.811091825899105],[144.9615477919823,-37.811095208000495],[144.96155174993626,-37.81109770969398],[144.9615545638849,-37.81110100174015],[144.96155603676627,-37.81110535198166],[144.96155731870095,-37.81110978903517],[144.9615596513603,-37.811113523337426],[144.96156323082798,-37.8111161987136],[144.96156547038842,-37.811119931404065],[144.9615664619808,-37.81112472390165],[144.96156707260812,-37.81112978015702],[144.96156778376715,-37.81113456779992],[144.96156935222666,-37.811138829578226],[144.9615727369543,-37.81114177103453],[144.961576126637,-37.81114453234132],[144.9615786490851,-37.811148180712266],[144.96158203381356,-37.81115112216831],[144.96158561330859,-37.811153796643104],[144.96158746829332,-37.81115788314609],[144.96158836926543,-37.81116258395715],[144.96158897628175,-37.81116773026749],[144.96158978167722,-37.811172519541586],[144.96159163800462,-37.81117651595014],[144.96159521747643,-37.81117919132542],[144.96159783914092,-37.81118266027715],[144.9615992153141,-37.811187098961554],[144.9616005914874,-37.81119153764598],[144.9616030233409,-37.81119509342932],[144.96160698132678,-37.81119759422039],[144.9616099850684,-37.81120080033436],[144.96161260807634,-37.81120417919139],[144.96161628562916,-37.81120667512755],[144.96161891470285,-37.81120987475542],[144.96161973135193,-37.81121421363612],[144.96161933203064,-37.8112185314672],[144.96161754561038,-37.81122219446305],[144.96161438829705,-37.811224572080924],[144.9616127159053,-37.81122751701101],[144.96161327441632,-37.811231040364696],[144.9616161070559,-37.81123361179216],[144.96161864189557,-37.81123680978877],[144.9616196384473,-37.81124142213653],[144.96161996864487,-37.81124647353708],[144.9616201004881,-37.81125188107315],[144.96162023478385,-37.81125719943524],[144.96162027350272,-37.81126260626041],[144.9616205987457,-37.81126783781037],[144.9616214972436,-37.811272628695896],[144.9616236400991,-37.811276449828824],[144.96162741189076,-37.811278947396026],[144.96163041452587,-37.81128215258913],[144.96163285265544,-37.81128543902891],[144.96163625225606,-37.81128784003527],[144.96163833171624,-37.81129057956044],[144.96163805274554,-37.811293908181305],[144.96168922921805,-37.81140498537288],[144.9616927156292,-37.811407658233186],[144.96169466620262,-37.811411656271524],[144.9616961390729,-37.81141600741222],[144.96169818522372,-37.8114199169874],[144.96170243222645,-37.811422152425486],[144.96170811585304,-37.811423242104105],[144.96171417910415,-37.81142415811862],[144.96171995944346,-37.811425159353185],[144.96172468412573,-37.8114270425888],[144.96172720661505,-37.81143069005613],[144.96172829988802,-37.8114352139596],[144.96172900610506,-37.81144018175112],[144.96172981037643,-37.811444971004725],[144.96173166537574,-37.8114490575057],[144.96173505257613,-37.81145190978381],[144.9617376706438,-37.811455468787784],[144.96173876144047,-37.81146008276588],[144.96173937455856,-37.81146504894579],[144.9617399877015,-37.81147001422492],[144.96174126831073,-37.81147454137105],[144.9617438913091,-37.811477921126226],[144.96174727605882,-37.811480862577994],[144.96174884701242,-37.811485034279485],[144.96174974304347,-37.8114899152389],[144.96175016635013,-37.81149496825072],[144.96175125219366,-37.81149976237816],[144.96175310853724,-37.811503758784454],[144.96175668557794,-37.81150652332929],[144.9617593072363,-37.81150999317852],[144.9617605903245,-37.81151443024973],[144.9617617791776,-37.811518865689756],[144.96176420495925,-37.81152260159992],[144.96176778447847,-37.811525276069716],[144.96177002406083,-37.81152900875671],[144.96177110990604,-37.81153380288399],[144.96177153207893,-37.81153885587608],[144.9617723374892,-37.81154364514912],[144.9617738128683,-37.811547905313475],[144.9617772907222,-37.81155084837603],[144.96178077464134,-37.81155361220942],[144.9617831147566,-37.81155707628355],[144.9617862228951,-37.81155983271098],[144.96178943515304,-37.81156223137139],[144.9617902826764,-37.81156548937406],[144.961788892085,-37.81156834816553],[144.9617861154972,-37.81157055304396],[144.96178481170938,-37.81157368369074],[144.96178593964316,-37.811576947448394],[144.96178886653695,-37.811579520503315],[144.96179120913052,-37.811582894502564],[144.9617921150739,-37.81158741516282],[144.96179272571908,-37.81159247141719],[144.96179324708325,-37.811597345890966],[144.96179462079763,-37.81160187464809],[144.96179752787546,-37.81160516830057],[144.9618009150853,-37.81160802057698],[144.96180267585686,-37.811612105445796],[144.96180395647204,-37.81161663259132],[144.96180543185423,-37.81162089275532],[144.96180881413557,-37.811623924280255],[144.96181191484632,-37.81162695093127],[144.96181328856235,-37.8116314796882],[144.9618137118737,-37.81163653269983],[144.9618139428954,-37.81164176261824],[144.9618142670171,-37.81164699414813],[144.96181487766412,-37.8116520504024],[144.9618160640452,-37.81165657591664],[144.961818971126,-37.811659869568665],[144.961822072974,-37.81166289623911],[144.96182364145812,-37.81166715801441],[144.96182444191857,-37.81167212743658],[144.96182486657256,-37.811677090353776],[144.96182595490023,-37.81168179440589],[144.9618283818255,-37.811685530334515],[144.9618320593843,-37.811688027165395],[144.96183515627973,-37.811691233984966],[144.96183758950176,-37.8116946996696],[144.96184145191984,-37.81169728981756],[144.9618442634261,-37.81170067193225],[144.9618454473325,-37.81170528752097],[144.96184568331063,-37.811710337289874],[144.9618459094051,-37.81171574645693],[144.96184585142652,-37.8117212417257],[144.96184579458327,-37.8117267370141],[144.96184502187378,-37.81175483492273],[144.96184506558663,-37.811760060697694],[144.96184519989782,-37.81176537905959],[144.96184581054754,-37.8117704353137],[144.96184728232234,-37.81177478553231],[144.961850381699,-37.81177790227684],[144.96185329123824,-37.81178110675413],[144.96185398249762,-37.81178319052276],[144.9618545743361,-37.81178554382445],[144.96185537366412,-37.81179051322674],[144.96185589258093,-37.81179547687419],[144.96185698338905,-37.811800090851314],[144.96185960506196,-37.811803560698586],[144.96186337327546,-37.81180614831409],[144.96186618726375,-37.811809440353606],[144.96186899761503,-37.811812823348895],[144.9618724953015,-37.811815045811194],[144.9618729592548,-37.8118152340769],[144.96187567539573,-37.81181861454018],[144.9618771458314,-37.81182305485284],[144.96187852564404,-37.81182740347931],[144.96188105194784,-37.811830871675376],[144.9618850111119,-37.811833372477736],[144.96188811049254,-37.81183648922134],[144.96189092084583,-37.81183987221614],[144.9618950723008,-37.8118421961113],[144.96189836531406,-37.81184504585338],[144.96190098585504,-37.811848515680154],[144.96190475520766,-37.811851103314055],[144.96190795264425,-37.81185404151919],[144.96190971092526,-37.81185821736204],[144.96191108581104,-37.811862745236866],[144.9619129421468,-37.81186674254164],[144.96191642363323,-37.81186959554544],[144.96191914339047,-37.81187288595274],[144.96192032730383,-37.811877501540785],[144.9619209404363,-37.81188246771985],[144.96192145933313,-37.811887432267845],[144.96192273748255,-37.811892049486936],[144.96192545476384,-37.811895429968835],[144.96192893756893,-37.811898193778674],[144.96193088568995,-37.811902281888266],[144.96193226189465,-37.81190672056925],[144.96193364171188,-37.81191106919515],[144.96193664686197,-37.81191418430654],[144.96193984182548,-37.8119172125856],[144.96194150207998,-37.811921566065315],[144.96194202097828,-37.81192653061323],[144.96194225200898,-37.81193176053142],[144.96194266924059,-37.81193699367244],[144.9619430900846,-37.81194213675838],[144.96194418089993,-37.8119467507348],[144.96194690066113,-37.81195004114152],[144.9619503810173,-37.81195289412478],[144.9619522360404,-37.81195698062264],[144.9619534224339,-37.81196150613567],[144.96195499206658,-37.81196576792907],[144.96195818948524,-37.81196870703374],[144.96196157426525,-37.81197164848001],[144.9619632358637,-37.81197591186506],[144.961964518971,-37.81198034893433],[144.96196646957299,-37.81198434696865],[144.9619701433324,-37.811987023964775],[144.96197362369116,-37.81198987694738],[144.96197605558737,-37.81199343272385],[144.96197934858552,-37.81199628336464],[144.96198292318098,-37.81199913797805],[144.96198449415763,-37.81200330967673],[144.96198539268593,-37.812008100559865],[144.9619860033465,-37.81201315681338],[144.9619869974525,-37.812017859233144],[144.96198923705987,-37.81202159191642],[144.96199309952473,-37.81202418115914],[144.96199610465698,-37.81202729716991],[144.96199891865925,-37.81203058920657],[144.96200287670243,-37.81203308998564],[144.9620064537527,-37.81203585542441],[144.96200898122942,-37.812039322736915],[144.962012558305,-37.81204208727475],[144.96201603616623,-37.81204503123168],[144.96201751156815,-37.81204929139334],[144.96201831699844,-37.81205408066493],[144.96201874032494,-37.81205913367593],[144.9620198275341,-37.81206383770684],[144.96202197043152,-37.812067658833264],[144.962025545032,-37.81207051344549],[144.96202759482927,-37.81207433296046],[144.9620283035475,-37.812079210675684],[144.9620287243978,-37.8120843537614],[144.96202904853527,-37.812089585290835],[144.96202937267273,-37.812094816820284],[144.96203017565202,-37.81209969526575],[144.9620322229486,-37.81210360575613],[144.9620358013696,-37.812106280198975],[144.96203813655947,-37.812109924418024],[144.9620395139093,-37.81211436311756],[144.962040887647,-37.812118891872146],[144.96204331841508,-37.812122447627715],[144.96204680484732,-37.81212512137932],[144.96204903837153,-37.81212903419136],[144.9620499369052,-37.812133825074085],[144.96205045447013,-37.812138879715974],[144.962051256291,-37.812143759042414],[144.96205273169667,-37.8121480192037],[144.96205602338767,-37.81215095903618],[144.96205883626175,-37.81215425105189],[144.96205974222696,-37.812158771710344],[144.9620600762742,-37.81216364294081],[144.96205975025651,-37.81216868298246],[144.96205868593427,-37.81217334977564],[144.96205606088049,-37.81217681802788],[144.96205261430399,-37.81217955202206],[144.96205053887584,-37.81218348037474],[144.9620495602228,-37.8121884190033],[144.96204903946133,-37.812193725126015],[144.96204851867503,-37.812199032149444],[144.96204818274867,-37.812204432489914],[144.96204766557443,-37.812209649458254],[144.96204668578542,-37.81221458806711],[144.9620640757716,-37.812242999423816],[144.9620677495471,-37.81224567641723],[144.9620695103471,-37.812249761282494],[144.9620711730927,-37.81225402468584],[144.9620736038664,-37.812257580440885],[144.9620775630594,-37.812260081237426],[144.96208066130524,-37.8122631988576],[144.9620833810836,-37.812266489261525],[144.96208743585515,-37.81226890159435],[144.96209101291964,-37.81227166703086],[144.9620937302219,-37.812275047509274],[144.9620974995778,-37.81227763603842],[144.96210127143553,-37.81228013359195],[144.96210408183944,-37.812283515681465],[144.9621076589053,-37.812286281117494],[144.9621117136787,-37.81228869344952],[144.96211452656024,-37.81229198546406],[144.96211781823519,-37.81229492619576],[144.9621219685871,-37.81229725006401],[144.96212497373548,-37.81230036607182],[144.9621277852766,-37.81230374818045],[144.96213174581533,-37.812306158880894],[144.96213465290995,-37.81230945342665],[144.9621361258465,-37.81231380366175],[144.9621374089692,-37.81231824072935],[144.96213964745724,-37.812321973390404],[144.96214332374095,-37.81232455940614],[144.96214603248174,-37.81232821008799],[144.96214722250429,-37.81233264554423],[144.96214860120566,-37.81233699414827],[144.9621513160113,-37.81234046560094],[144.96215527768814,-37.8123428763203],[144.96215809057358,-37.812346168333896],[144.9621609009578,-37.812349551322896],[144.96216467034455,-37.81235213894927],[144.9621672909399,-37.812355607869975],[144.96216847848734,-37.812360133400745],[144.96216908802685,-37.812365189633816],[144.96216970365538,-37.812370065737085],[144.9621708950213,-37.81237441109874],[144.96217352666017,-37.81237751974003],[144.9621762651007,-37.81238009042524],[144.96217654320643,-37.81238360892324],[144.96217440687548,-37.81238636469527],[144.96217069357994,-37.81238855337124],[144.96216789222825,-37.81239165810438],[144.96216471867828,-37.8123946662784],[144.96216035522232,-37.81239666346685],[144.96215671771412,-37.81239948337595],[144.96215345351436,-37.81240240076439],[144.96214872779152,-37.81240394019363],[144.96214354665187,-37.812405022054136],[144.962139106296,-37.81240638708776],[144.9621372504015,-37.81240914771253],[144.9621383858172,-37.812412140342246],[144.96214169978953,-37.81241427040084],[144.96214481045308,-37.81241693674513],[144.96214781921927,-37.8124199626974],[144.9621526420301,-37.81242166737948],[144.96215860979106,-37.812422671836934],[144.96216477118463,-37.81242340929241],[144.96217045737197,-37.812424408876204],[144.96217508407446,-37.8124264706338],[144.96217741680394,-37.812430204925114],[144.96217889222186,-37.81243446508499],[144.96218065300732,-37.81243855084951],[144.96218403781705,-37.81244149229003],[144.96218713609954,-37.81244460900691],[144.96218841922723,-37.812449046074036],[144.96218912548179,-37.81245401386314],[144.96218973863535,-37.81245898004102],[144.9621907338944,-37.81246368247892],[144.96219306662576,-37.81246741676997],[144.96219645639079,-37.812470178060714],[144.9621985968067,-37.81247409015976],[144.96219940111675,-37.81247887941058],[144.96220001181916,-37.81248393476238],[144.9622007205515,-37.81248881247671],[144.96220238330946,-37.812493075878415],[144.96220558076004,-37.81249601497703],[144.96220858099096,-37.81249931023167],[144.96220976740747,-37.81250383574243],[144.96221047366384,-37.812508803531415],[144.96221099371795,-37.81251376809797],[144.96221198784357,-37.81251847051608],[144.96221451286883,-37.81252202789936],[144.96221818555273,-37.81252470396814],[144.96222023289485,-37.81252861355486],[144.96222141931247,-37.8125331390655],[144.962222892258,-37.81253748929963],[144.9622258018421,-37.812540693768675],[144.9622293789494,-37.81254345830063],[144.96223113976478,-37.812547543163724],[144.96223251599784,-37.812551981841615],[144.96223408204557,-37.812556333686814],[144.9622371839469,-37.81255936034745],[144.96224037892495,-37.81256238951996],[144.9622417551588,-37.812566828197724],[144.96224236831645,-37.81257179437538],[144.9622425969164,-37.8125771134671],[144.96224292106953,-37.81258234499603],[144.9622435317507,-37.812587401248386],[144.96224452835585,-37.81259201359151],[144.9622474379677,-37.812595217159334],[144.9622508227623,-37.8125981594989],[144.96225258358,-37.81260224436171],[144.96225386423725,-37.812606771502914],[144.96225543276398,-37.812611033273136],[144.96225881758434,-37.81261397471174],[144.96226182388625,-37.81261709073606],[144.96226320012227,-37.812621529413654],[144.9622639088844,-37.81262640622689],[144.96226451956724,-37.812631462479146],[144.96226570351226,-37.81263607806415],[144.96226804120582,-37.812639632204395],[144.96227181306267,-37.812642130653764],[144.96227472020092,-37.8126454242957],[144.96227743638934,-37.81264880475069],[144.96228139558505,-37.812651306441765],[144.96228420848735,-37.812654598452674],[144.96228568143871,-37.81265894868608],[144.9622869620988,-37.81266347582698],[144.96228929731757,-37.812667120041574],[144.96229306669989,-37.81266970856506],[144.96229549502053,-37.81267335439071],[144.9622967756814,-37.812677881531506],[144.96229805881913,-37.81268231859757],[144.96230067943185,-37.81268578751561],[144.96230416342266,-37.812688551335114],[144.96230620963814,-37.81269246090087],[144.9623071081937,-37.81269725178184],[144.96230753156635,-37.81270230389125],[144.96230842764547,-37.812707184846936],[144.96231009289065,-37.81271135817257],[144.96231348016954,-37.812714210435786],[144.96231638617698,-37.81271750405714],[144.96231785913133,-37.81272185429021],[144.96231914227096,-37.81272629135604],[144.96232137943846,-37.812730114108405],[144.96232524440313,-37.812732614167366],[144.96232843941678,-37.81273564243696],[144.96233096445468,-37.81273919981801],[144.96233473384206,-37.81274178834027],[144.96233802443453,-37.812744728146036],[144.96233968720557,-37.812748991546016],[144.9623409703469,-37.81275342861165],[144.96234282675107,-37.812757425009664],[144.96234640384822,-37.81276019043915],[144.96234902446582,-37.81276365935624],[144.9623500197383,-37.81276836179297],[144.96235044061274,-37.81277350487774],[144.9623504794054,-37.81277891080217],[144.96235051569667,-37.81278440770207],[144.96235005762665,-37.81280106792484],[144.9623500359721,-37.812812060093805],[144.96235007473982,-37.81281746691898],[144.96235039892562,-37.8128226975469],[144.96235139419878,-37.812827399983625],[144.96235391921596,-37.81283095826499],[144.96235731147976,-37.812833629476856],[144.96235935522517,-37.81283762911652],[144.96236073147057,-37.812842067793085],[144.96236230114326,-37.81284632958168],[144.96236558924,-37.81284936036225],[144.96236935865883,-37.81285194798281],[144.96237198175717,-37.812855326824725],[144.9623752709901,-37.81285835762469],[144.96237942251665,-37.81286068150446],[144.9623823310091,-37.81286388504962],[144.9623852381359,-37.812867179589865],[144.9623891031345,-37.81286967874619],[144.96239163065619,-37.81287314605134],[144.96239281461234,-37.812877761635214],[144.96239333220362,-37.812882816275824],[144.96239404095132,-37.81288769398915],[144.96239541719962,-37.812892132665354],[144.96239832682937,-37.81289533622981],[144.9624017116433,-37.81289827856546],[144.96240337576222,-37.81290245187028],[144.9624046564331,-37.81290697901004],[144.96240632168778,-37.81291115233446],[144.9624097065275,-37.81291409376915],[144.9624127117369,-37.81291720886964],[144.9624139948851,-37.812921645934566],[144.9624147011579,-37.81292661372253],[144.9624153143291,-37.8129315798994],[144.9624164051858,-37.81293619387197],[144.9624190233361,-37.812939752862405],[144.96242270211135,-37.812942249696356],[144.96242560565577,-37.81294563339002],[144.96242851281232,-37.81294892702857],[144.96243237779186,-37.812951427084336],[144.96243509513354,-37.812954807555684],[144.96243656809904,-37.81295915778743],[144.9624378512493,-37.81296359485214],[144.96244027958613,-37.81296724067511],[144.96244404898871,-37.81296982919424],[144.96244638174784,-37.81297356348078],[144.96244757066174,-37.81297799891468],[144.96244894691472,-37.81298243759034],[144.96245156868,-37.812985906525036],[144.9624550515796,-37.81298866942012],[144.9624569066542,-37.812992755910905],[144.96245770850865,-37.812997635234936],[144.96245803381288,-37.81300286678307],[144.96245826240346,-37.81300818677524],[144.96245877638785,-37.81301333147072],[144.96245958071904,-37.813018120719995],[144.962461822855,-37.813021763320485],[144.96246539751738,-37.81302461792076],[144.96246744374997,-37.81302852748398],[144.96246824921724,-37.81303331675287],[144.9624687656789,-37.81303837137357],[144.96246957114633,-37.81304316064243],[144.96247132950924,-37.813047335577075],[144.96247471928578,-37.813050097761376],[144.96247829394997,-37.81305295236127],[144.9624807222916,-37.813056598183486],[144.96248420382972,-37.81305945207295],[144.96248759363203,-37.81306221335613],[144.9624893519964,-37.81306638829054],[144.96249015385357,-37.813071267614404],[144.96249067145223,-37.81307632225465],[144.96249147826245,-37.81308102142902],[144.96249352563325,-37.81308493101152],[144.96249719340173,-37.81308778722191],[144.96249943554153,-37.813091429821746],[144.96250042969166,-37.81309613223773],[144.96250104039308,-37.81310118848897],[144.96250174914937,-37.81310606620173],[144.96250322212137,-37.81311041643274],[144.96250651273647,-37.81311335623429],[144.96251008985655,-37.81311612165933],[144.96251261491545,-37.813119679036866],[144.962515809953,-37.8131227073019],[144.96251948512867,-37.81312529418818],[144.96252143578832,-37.81312929221434],[144.96252233436186,-37.8131340830939],[144.96252285196297,-37.81313913773406],[144.96252384363868,-37.8131439302246],[144.96252579677542,-37.813147838175944],[144.9625294706364,-37.81315051425558],[144.9625326656759,-37.81315354252021],[144.96253519071234,-37.813157100798065],[144.96253876920136,-37.81315977522717],[144.96254196176523,-37.813162893566286],[144.9625433416386,-37.813167242185884],[144.9625439523433,-37.813172298436925],[144.96254418228102,-37.813177528334606],[144.96254450759156,-37.81318275988253],[144.962545024059,-37.81318781450295],[144.96254630474274,-37.813192341641354],[144.962549213255,-37.81319554518282],[144.96255231271874,-37.81319866191072],[144.96255368898153,-37.813203100585305],[144.96255420906144,-37.81320806515057],[144.96255453323735,-37.81321329667884],[144.9625548549369,-37.81321861828183],[144.9625553714052,-37.813223672902204],[144.9625564647505,-37.81322819679892],[144.96255927634508,-37.81323157889831],[144.96256256696765,-37.813234518698444],[144.96256394570798,-37.81323886729817],[144.96256465312834,-37.813243835104984],[144.96256497482867,-37.813249156707954],[144.96256511166575,-37.81325438499461],[144.96256562927024,-37.81325943963458],[144.96256690882092,-37.81326396675313],[144.96256981599575,-37.81326726038853],[144.9625734912051,-37.8132698463726],[144.96257611048478,-37.813273406280295],[144.9625790214777,-37.81327651974637],[144.9625828851629,-37.81327910899137],[144.9625849363609,-37.81328283840328],[144.96261599230246,-37.81333545381488],[144.96261803721006,-37.813339453470164],[144.96261893579182,-37.81334424434908],[144.96261945474126,-37.81334920889448],[144.96262045003715,-37.81335391132923],[144.9626226885789,-37.813357643982094],[144.9626262657396,-37.8133604085032],[144.96262869523343,-37.813364054342344],[144.9626298816872,-37.81336857984939],[144.96263125795738,-37.81337301852316],[144.96263387971962,-37.813376488354955],[144.962637362644,-37.81337925124519],[144.96263931331615,-37.81338324926959],[144.9626400196071,-37.81338821705639],[144.9626401551084,-37.81339353543738],[144.96264019392044,-37.8133989413618],[144.96264013599372,-37.81340443663114],[144.962640174781,-37.81340984345629],[144.96264021109195,-37.8134153403562],[144.96264044217182,-37.81342057027332],[144.96264114848788,-37.81342553715936],[144.96264290932024,-37.81342962291774],[144.96264629666868,-37.813432474271586],[144.96264882174438,-37.813436031646546],[144.96264981838394,-37.813440643986674],[144.9626505233351,-37.81344570186778],[144.96265113538945,-37.81345066802395],[144.96265241855983,-37.81345510508659],[144.96265532574566,-37.8134583987201],[144.96265871307114,-37.8134612509744],[144.9626604714537,-37.81346542590653],[144.96266175462483,-37.813469862969086],[144.96266341742907,-37.81347412636502],[144.96266670806625,-37.81347706616255],[144.96266990560127,-37.81348000434911],[144.96267156840617,-37.813484267744954],[144.9626728515783,-37.81348870480738],[144.962674802255,-37.81349270283126],[144.96267847497793,-37.813495379787874],[144.96268186233073,-37.81349823114081],[144.96268438741023,-37.81350178851507],[144.9626879645553,-37.81350455393526],[144.96269154172538,-37.81350731845459],[144.96269339568948,-37.81351140492243],[144.96269467886327,-37.81351584198467],[144.9626963441466,-37.81352001530544],[144.96269982457886,-37.81352286916953],[144.9627029265384,-37.813525895819126],[144.9627043995296,-37.813530246047904],[144.9627056802281,-37.8135347731848],[144.96270763090774,-37.81353877120819],[144.96271111629375,-37.813541444922464],[144.96271411658796,-37.813544740165526],[144.96271549647764,-37.81354908878334],[144.9627167771771,-37.81355361592012],[144.96271892015062,-37.81355743703521],[144.96272249732436,-37.81356020155369],[144.96272492814518,-37.81356375819742],[144.96272582921213,-37.81356845900088],[144.9627265330587,-37.81357351596123],[144.9627273360709,-37.81357839530332],[144.96272880906443,-37.81358274553182],[144.96273190986744,-37.81358577306185],[144.96273558262175,-37.81358844911608],[144.9627380146042,-37.813592004878466],[144.9627411129318,-37.81359512248302],[144.9627447892985,-37.81359770848187],[144.96274683308434,-37.81360170811551],[144.96274763609813,-37.8136065874575],[144.96274796028814,-37.813611818985336],[144.96274819137565,-37.81361704890234],[144.9627486122799,-37.813622191985914],[144.9627495108975,-37.8136269819632],[144.96275184614288,-37.81363062707036],[144.96275532660715,-37.81363348003221],[144.962757279768,-37.813637387980144],[144.96275817836155,-37.813642178858125],[144.96275869598077,-37.81364723349739],[144.96275949786028,-37.81365211281965],[144.96276116067384,-37.81365637621437],[144.96276445132278,-37.81365931600942],[144.96276726541868,-37.813662608029624],[144.96276845188493,-37.81366713353542],[144.96276915818643,-37.81367210132155],[144.96276967467114,-37.81367715594113],[144.9627707655589,-37.813681769910836],[144.96277338736286,-37.813685238839106],[144.9627769645199,-37.81368800425685],[144.96277891768324,-37.81369191220447],[144.96278019838869,-37.81369643934062],[144.96278167025196,-37.8137007895489],[144.96278457992898,-37.81370399310481],[144.96278815708737,-37.81370675852223],[144.96279001219673,-37.81371084500837],[144.96279138600588,-37.81371537375522],[144.96279286395782,-37.813719543833514],[144.96279615213462,-37.81372257370255],[144.9627994439232,-37.81372551351637],[144.96280110921663,-37.81372968683582],[144.96280229568586,-37.81373421234134],[144.962803963431,-37.81373829648677],[144.9628074414261,-37.81374123952198],[144.96281034862966,-37.813744533152025],[144.9628114419969,-37.813749057046685],[144.96281195600866,-37.81375420174085],[144.96281228020342,-37.81375943326853],[144.96281251129545,-37.81376466318543],[144.9628131245225,-37.813769628459795],[144.9628145008101,-37.81377406713166],[144.9628176958626,-37.813777096290096],[144.96282079536118,-37.813780213011654],[144.9628223639426,-37.81378447477518],[144.96282364465208,-37.81378900191092],[144.9628254080032,-37.813792996691376],[144.9628290782701,-37.81379576371848],[144.9628319879528,-37.81379896727332],[144.96283345848022,-37.81380340757543],[144.9628347416667,-37.8138078446363],[144.96283679041494,-37.81381166411907],[144.96284055742225,-37.81381434180079],[144.9628431792092,-37.81381781162841],[144.96284436815827,-37.81382224705881],[144.96284574197247,-37.8138267758051],[144.9628480772533,-37.81383042000978],[144.96285175115912,-37.81383309608039],[144.96285389167105,-37.81383700726806],[144.9628546960344,-37.81384179651501],[144.96285502023233,-37.8138470280426],[144.96285525132734,-37.81385225795944],[144.96285567223964,-37.81385740104269],[144.96285638102432,-37.81386227875361],[144.96285842843437,-37.81386618833044],[144.9628620056279,-37.81386895284512],[144.96286453072807,-37.81387251021592],[144.96286581030603,-37.81387703733162],[144.96286709349556,-37.813881474392204],[144.9628696185716,-37.81388503266365],[144.96287338805982,-37.81388762026967],[144.96287553105043,-37.813891441382225],[144.9628768142408,-37.813895878442715],[144.9628781905342,-37.81390031711394],[144.96288090792956,-37.81390369757606],[144.96288448262493,-37.813906553065614],[144.96288615040285,-37.81391063630925],[144.96288685671385,-37.813915604094774],[144.9628871809141,-37.813920835622305],[144.96288741203617,-37.81392606463834],[144.96288783295088,-37.813931207721474],[144.9628887315556,-37.81393599859861],[144.96289125665922,-37.81393955596891],[144.96289483269726,-37.813942321363804],[144.96289688258742,-37.81394614086528],[144.96289816330383,-37.81395066800031],[144.96289944897245,-37.81395501498583],[144.9629024492912,-37.81395831022459],[144.96290583664847,-37.81396116247247],[144.9629074052382,-37.813965424234986],[144.962908111551,-37.81397039202039],[144.96290843691298,-37.81397562266674],[144.96290866687636,-37.81398085256385],[144.96290908779272,-37.813985995646924],[144.9629100831138,-37.81399069807953],[144.96291270379928,-37.813994166985374],[144.96291628097612,-37.813996932399334],[144.9629182316783,-37.81400093041964],[144.9629194206343,-37.81400536584934],[144.96292080301947,-37.81400962439028],[144.9629236234277,-37.81401264616325],[144.96292645869218,-37.81401512748767],[144.96292701973218,-37.814018561661975],[144.9629253498243,-37.814021415633555],[144.96292247893533,-37.814023618905914],[144.96292145311574,-37.81402684449073],[144.96292267787177,-37.81403001889358],[144.9629259833745,-37.814032419136886],[144.96292832361738,-37.81403588319068],[144.96292942194734,-37.814040226934836],[144.96293060956398,-37.81404475245884],[144.9629333208794,-37.81404831304976],[144.96293699727482,-37.814050899043266],[144.96293923582746,-37.81405463259149],[144.96294051654806,-37.814059159726106],[144.96294179974478,-37.81406359678598],[144.9629446127279,-37.81406688878274],[144.96294828551328,-37.814069564831016],[144.96295014311573,-37.81407356124016],[144.962951613655,-37.814078001540935],[144.9629530891464,-37.814082261692235],[144.9629563773206,-37.81408529245797],[144.96296014929783,-37.814087789986786],[144.96296267440977,-37.81409134735571],[144.96296577390243,-37.81409446497459],[144.96296954226904,-37.814097052558196],[144.9629715896911,-37.81410096213328],[144.96297239158824,-37.81410584145428],[144.96297281250935,-37.814110984537166],[144.96297313537534,-37.81411630615888],[144.96297336781922,-37.81412144598114],[144.96297426643127,-37.81412623685768],[144.96297650367217,-37.814130059598924],[144.9629799866439,-37.8141328224801],[144.96298203406738,-37.81413673205499],[144.96298312249797,-37.814141436097714],[144.96298354589587,-37.81414648910583],[144.9629842546909,-37.81415136681607],[144.96298591391604,-37.814155720263074],[144.9629890183889,-37.81415865683118],[144.96299183135284,-37.8141619497277],[144.96299292721216,-37.81416638354609],[144.96299316576943,-37.8141713423377],[144.9629928398,-37.814176382381916],[144.96299177797744,-37.81418095910813],[144.96301216495118,-37.814243480310324],[144.96301363797306,-37.814247830535685],[144.96301495751325,-37.8142577644947],[144.96301595170854,-37.81426246690683],[144.96301847682884,-37.81426602427471],[144.96302205402242,-37.81426878968583],[144.96302419703093,-37.81427261079598],[144.9630254777599,-37.81427713792977],[144.96302695325903,-37.81428139808023],[144.96302995607203,-37.81428460324138],[144.96303391671972,-37.81428701481536],[144.96303653855637,-37.81429048373841],[144.96303982676773,-37.81429351360134],[144.96304388413097,-37.81429583673052],[144.96304698366,-37.81429895344678],[144.9630497941805,-37.814302335516075],[144.96305356614698,-37.814304833942934],[144.96305647090688,-37.81430821764232],[144.96305756429598,-37.81431274153495],[144.96305888384288,-37.81432267549355],[144.9630600728117,-37.814327110921994],[144.96306335607386,-37.81433032093385],[144.96306703248757,-37.81433290692371],[144.96306937519708,-37.814336281800976],[144.96307228872686,-37.81433930518138],[144.9630756909875,-37.81434161607564],[144.96307691573006,-37.81434479137784],[144.96307579680854,-37.81434801535328],[144.9630725462989,-37.81435039139599],[144.96307029948116,-37.81435377699615],[144.96306951697096,-37.81435835855484],[144.96306909792648,-37.81436339608787],[144.96306943204357,-37.81436826731595],[144.96307053038592,-37.81437261105894],[144.96307362989447,-37.81437572867533],[144.96307730517532,-37.814378314645296],[144.96307983030226,-37.814381872011985],[144.96308292981158,-37.814384989628145],[144.9630866993322,-37.81438757722806],[144.96308874563243,-37.814391486781695],[144.96308964425447,-37.81439627765746],[144.96309025500287,-37.81440133390607],[144.96309096628246,-37.814406121541],[144.96309202485583,-37.81440848200908],[144.96309272470967,-37.814410296467386],[144.9630963019376,-37.81441306097571],[144.9630990193361,-37.81441644233411],[144.9631003981271,-37.814420790928274],[144.9631016788629,-37.81442531806133],[144.9631037287761,-37.814429137559614],[144.9631075889275,-37.81443181684428],[144.9631102121129,-37.81443519567145],[144.96311158708858,-37.81443972443464],[144.9631127760621,-37.814444159862646],[144.96311511134962,-37.81444780496334],[144.96311878168385,-37.814450571081636],[144.9631208315986,-37.81445439057965],[144.96312172774745,-37.814459271529955],[144.96312214867982,-37.81446441461238],[144.9631222830788,-37.81446973297333],[144.96312260979687,-37.81447487352478],[144.96312332107905,-37.81447966115954],[144.96312518362723,-37.81448347831748],[144.96312829802207,-37.81448605458329],[144.9631299919235,-37.81448914698197],[144.9631292451869,-37.8144924684149],[144.96312646854875,-37.81449467242115],[144.9631244252916,-37.81449742981933],[144.96312470589686,-37.81450085914143],[144.963127255788,-37.81450351575971],[144.96313027099302,-37.814506270544804],[144.963131748978,-37.81451044061934],[144.96313303219284,-37.81451487767737],[144.96313469997204,-37.81451896181862],[144.96313827359546,-37.814521816380946],[144.9631412800339,-37.81452493148442],[144.96314265882907,-37.81452928007814],[144.96314403267286,-37.81453380882135],[144.96314598587605,-37.81453771676353],[144.96314965980218,-37.8145403937266],[144.96315237609696,-37.814543774163525],[144.96315384913228,-37.814548124387315],[144.96315503676948,-37.81455264990931],[144.96315727289627,-37.814556472627864],[144.96316094682373,-37.81455914959063],[144.9631632810064,-37.814562793770094],[144.96316427634977,-37.81456749620079],[144.96316479286497,-37.81457255081888],[144.96316550169954,-37.814577427627405],[144.96316697226044,-37.814581867925824],[144.9631698819627,-37.814585072373966],[144.96317298037337,-37.81458818906762],[144.96317435783106,-37.81459262775541],[144.96317487434703,-37.81459768237345],[144.96317500874957,-37.81460300073431],[144.96317504512152,-37.8146084967334],[144.9631749883648,-37.81461399202272],[144.9631750271877,-37.81461939884781],[144.9631750660106,-37.81462480567287],[144.96317539023204,-37.8146300371997],[144.96317628886186,-37.81463482807485],[144.96317862665867,-37.81463838219898],[144.96318229700447,-37.81464114831552],[144.96318443755553,-37.81464505949784],[144.96318562767158,-37.81464949494482],[144.96318719629036,-37.814653756704004],[144.96319029581517,-37.81465687431767],[144.96319406669343,-37.81465937182014],[144.9631968758934,-37.814662843980706],[144.96320007099868,-37.81466587312988],[144.96320422399143,-37.814668106889144],[144.96320732354232,-37.81467122360164],[144.96321032635362,-37.81467442965941],[144.96321457111085,-37.81467675512324],[144.9632177686931,-37.81467969419721],[144.96322038941622,-37.81468316309696],[144.9632240658526,-37.814685749082436],[144.96322716176917,-37.814688956750295],[144.96322853923175,-37.81469339543754],[144.96322896267262,-37.814698447544124],[144.96322909460318,-37.81470385597973],[144.9632291359055,-37.81470917273008],[144.96322926783606,-37.814714581165674],[144.96322949648174,-37.81471990115663],[144.96323020532154,-37.81472477796484],[144.96323234585265,-37.814728690047104],[144.96323582999682,-37.814731452941174],[144.96323835514278,-37.81473501030483],[144.96323963723194,-37.814739447342184],[144.9632410122204,-37.814743976104026],[144.9632434431276,-37.81474753183746],[144.9632471184077,-37.81475011870342],[144.96324945126,-37.81475385297576],[144.96325063890578,-37.81475837849691],[144.96325211195062,-37.81476272871962],[144.96325511479222,-37.81476593387561],[144.96325888678876,-37.81476843229659],[144.96326160557217,-37.814771722656495],[144.96326433044254,-37.81477483288644],[144.96326773270405,-37.8147771446765],[144.96326943022856,-37.81478014701826],[144.96326877909917,-37.814783379086975],[144.9632659081894,-37.81478558236688],[144.96326414651193,-37.814788344637954],[144.9632644271489,-37.814791773059035],[144.96326707013412,-37.814794432185806],[144.96327008288017,-37.814797277042445],[144.96327146777404,-37.81480144550496],[144.96327275100157,-37.81480588256163],[144.96327451192326,-37.81480996741085],[144.96327808915208,-37.814812732814985],[144.96328109447242,-37.81481584789561],[144.96328247080484,-37.81482028656265],[144.9632837540333,-37.8148247236192],[144.96328580149054,-37.81482863318942],[144.96328947430047,-37.81483131012894],[144.96329219174726,-37.81483469058258],[144.96329356808067,-37.814839129249485],[144.9632947557303,-37.814843654770264],[144.96329708745233,-37.81484738902212],[144.96330076142374,-37.8148500650802],[144.96330290443757,-37.81485388708658],[144.96330370883814,-37.81485867633085],[144.96330403422914,-37.814863906976285],[144.96330416616493,-37.814869315411826],[144.96330420499655,-37.81487472223693],[144.96330433940796,-37.81488004059771],[144.96330476035408,-37.81488518367955],[144.96330594555414,-37.81488979837422],[144.96330875855878,-37.814893091263976],[144.96331252811268,-37.81489567885743],[144.96331524195173,-37.814899149365736],[144.96331805856815,-37.81490235220017],[144.9633213715734,-37.8149044813085],[144.9633217388344,-37.81490475801377],[144.9633236994828,-37.81490839572905],[144.96332404847104,-37.814912726508],[144.96332327453115,-37.814917037863616],[144.96332056372998,-37.8149202352075],[144.9633167547811,-37.81492251147963],[144.96331617294442,-37.81492322235616],[144.9633138541846,-37.81492579475686],[144.9633112425736,-37.81492881358107],[144.9633074349642,-37.814930999758474],[144.9633057625482,-37.814933944710404],[144.9633063236356,-37.81493737798233],[144.9633091589473,-37.81493985929856],[144.96331169153035,-37.81494314643659],[144.96331269183847,-37.814947668716655],[144.9633133064208,-37.814952544795055],[144.96331391966297,-37.814957510967865],[144.963314599722,-37.81496004602303],[144.96331468787508,-37.814960227783],[144.96331592638,-37.81496286171406],[144.96331810655647,-37.814965331698126],[144.9633218760895,-37.81496792019211],[144.9633244979626,-37.814971389109466],[144.9633274065757,-37.814974592633774],[144.96333127034927,-37.81497718275753],[144.96333350897274,-37.814980915398365],[144.96333431451174,-37.81498570466206],[144.96333463874487,-37.814990936188494],[144.9633347706827,-37.81499634462396],[144.96333471643658,-37.815001748937846],[144.96333492509297,-37.815004365956625],[144.9633349450898,-37.815007068928594],[144.96333536490295,-37.8150122119907],[144.96333655008186,-37.815016827585815],[144.96333926640182,-37.8150202080189],[144.96334265629875,-37.815022970180856],[144.9633445089932,-37.81502714673397],[144.9633457922284,-37.81503158378992],[144.96334736086362,-37.815035845547214],[144.96335065025517,-37.81503887542206],[144.963350740884,-37.81503896710724],[144.963354035227,-37.81504181683249],[144.9633556063384,-37.81504598851493],[144.96335688957458,-37.815050425570774],[144.96335884030123,-37.81505442448534],[144.96336242004503,-37.81505709891171],[144.96336590059815,-37.81505995185748],[144.96336824086748,-37.81506341680421],[144.9633715401633,-37.81506608637951],[144.96337447106194,-37.81506847922997],[144.96337512884398,-37.81507182495764],[144.96337346026763,-37.81507458884055],[144.96337049624475,-37.81507679051227],[144.96336956714327,-37.81507992765585],[144.963370187623,-37.81508120003412],[144.96337124621408,-37.815083560499986],[144.9633741856507,-37.815085684046565],[144.963376435317,-37.815089056407274],[144.96337771741963,-37.81509349344328],[144.9633789075534,-37.81509792888851],[144.96338143271805,-37.81510148624946],[144.96338500998937,-37.81510425074998],[144.96338696319438,-37.81510815958934],[144.96338785939156,-37.815113039637126],[144.96338809052412,-37.815118269553054],[144.96338820989368,-37.81512070479222],[144.96338832052126,-37.81512349944932],[144.96338873899833,-37.815128732605665],[144.96338954454208,-37.81513352186901],[144.96339168759283,-37.815137342973216],[144.96339516815073,-37.81514019591822],[144.9633972180974,-37.815144015411946],[144.96339792692632,-37.815148893119996],[144.96339825116414,-37.81515412464627],[144.96339838063085,-37.815159623156426],[144.96339832636394,-37.81516502837108],[144.96339826851082,-37.81517052274007],[144.96339839911295,-37.81517602126985],[144.9633985335307,-37.81518133963047],[144.96339905501532,-37.81518621409809],[144.96340090771665,-37.815190390650415],[144.96340448499282,-37.815193155150446],[144.96340777570884,-37.81519609583026],[144.96341020777345,-37.8151996515803],[144.96341369328593,-37.81520232437529],[144.9634168933736,-37.815205173369755],[144.9634180934132,-37.81520924851561],[144.96341796699156,-37.81521041785743],[144.96341787789802,-37.815213659647924],[144.9634162713782,-37.81521759613317],[144.96341273791475,-37.815220057408176],[144.96340901460607,-37.8152226064182],[144.96340593160753,-37.81522570630743],[144.96340138314352,-37.815227610221996],[144.96339555165724,-37.81522849975014],[144.96338917048962,-37.81522893008376],[144.9633830648202,-37.81522954541734],[144.96337769120072,-37.8152308042356],[144.96337405854416,-37.81523344402888],[144.96337060691607,-37.81523635820709],[144.96336624334444,-37.81523835453471],[144.96336269997605,-37.81524117610715],[144.96335970757914,-37.815244368581],[144.9633553390556,-37.81524654505767],[144.96335143448547,-37.81524891069542],[144.96334912200751,-37.815251212852544],[144.96334825724338,-37.815252008952974],[144.96334560945573,-37.815252954447786],[144.9633435264075,-37.815253728574476],[144.96334239852303,-37.815253889300685],[144.96333760426472,-37.81525452731525],[144.96333122195927,-37.81525495762601],[144.96332520805186,-37.81525566466133],[144.9633199250586,-37.81525701516204],[144.96331638416325,-37.81525974665826],[144.9633127501629,-37.81526247654391],[144.9633121807016,-37.81526273704655],[144.96330820169433,-37.81526438045473],[144.96330447345338,-37.81526710871003],[144.96330102316122,-37.81526993279168],[144.96329592867158,-37.81527128565074],[144.96328982052248,-37.81527199105408],[144.96328362421988,-37.81527251469718],[144.96327779156871,-37.81527340510048],[144.96327342551683,-37.81527549149923],[144.96327098145528,-37.8152792332598],[144.96326899660062,-37.81528325421737],[144.9632662819918,-37.815286630827764],[144.96326136628272,-37.81528825713047],[144.96325525813197,-37.815288962531994],[144.96324869456524,-37.815289209467686],[144.96324204170978,-37.815289274623375],[144.96323520016918,-37.8152894266324],[144.963228454209,-37.815289490176816],[144.96322225676926,-37.81529001379696],[144.96321688314293,-37.815291272607666],[144.96321315489735,-37.815294000859915],[144.96320961399636,-37.815296732352735],[144.96320506552317,-37.81529863625942],[144.96320143151692,-37.815301366141426],[144.96319789059035,-37.81530409853463],[144.96319260761635,-37.81530544812872],[144.96318641131052,-37.81530597176658],[144.96317975350206,-37.815306217068176],[144.9631732841739,-37.8153064656298],[144.96316708786787,-37.81530698926663],[144.96316171805574,-37.815308067905626],[144.963158551842,-37.8153108058784],[144.96315778531482,-37.81531484700804],[144.96315833154242,-37.8153188207288],[144.96316115448386,-37.81532175242242],[144.96316636568542,-37.81532301409654],[144.96317243670242,-37.815323659820855],[144.96317898789323,-37.81532386326323],[144.96318563827586,-37.81532388818592],[144.96319182963165,-37.815323544697655],[144.96319719583335,-37.815322556112406],[144.9632008199377,-37.815320186529526],[144.9632042405266,-37.8153184433479],[144.96320854718917,-37.81531851784492],[144.96321167645067,-37.8153205545616],[144.9632144076299,-37.8153233945491],[144.96321781734144,-37.815325436116844],[144.96321971707496,-37.8153279012516],[144.9632188835193,-37.81533095083011],[144.9632152767453,-37.81533268989036],[144.96320972814965,-37.815333495086215],[144.96320362742208,-37.81533393026071],[144.96319770661208,-37.81533463889982],[144.96319251787605,-37.81533599012401],[144.96318906757645,-37.81533881420215],[144.96318543356762,-37.815341544083594],[144.96318088509102,-37.815343447989235],[144.96317734418645,-37.81534617948096],[144.9631737101768,-37.81534890936201],[144.9631684271744,-37.81535025985565],[144.96316222838882,-37.81535087356686],[144.96315584607447,-37.815351303867814],[144.96314992639813,-37.815352012524116],[144.96314510131128,-37.81535373050708],[144.96314174279823,-37.815356645387965],[144.96313719431964,-37.815358549291844],[144.96313182316288,-37.815359718023736],[144.96312663689991,-37.815360979170194],[144.96312328826457,-37.81536353465232],[144.9631222426254,-37.8153674808358],[144.9631225059256,-37.81537153977993],[144.9631246687757,-37.81537464029077],[144.9631293179451,-37.81537589224405],[144.96313465196502,-37.81537607463339],[144.96313982835028,-37.81537517288482],[144.96314326872528,-37.815372710007935],[144.96314744994203,-37.815370529398],[144.96315309657274,-37.81536954656702],[144.9631592940195,-37.81536902295075],[144.9631654903308,-37.815368499314474],[144.96317132185516,-37.81536760889738],[144.9631755972863,-37.81536543081739],[144.96317886519427,-37.81536242334945],[144.96318304390886,-37.815360333713706],[144.96318703530292,-37.815358239936295],[144.9631900166485,-37.81535540864735],[144.96319379955042,-37.815354122321274],[144.96319790401526,-37.81535473402647],[144.96320093161037,-37.81535703933749],[144.9632047209894,-37.815358906336854],[144.9632099508652,-37.81535944739154],[144.96321530087437,-37.81535908934838],[144.96321965702978,-37.815357363250946],[144.9632220961699,-37.8153538007404],[144.96322398676412,-37.81534977905436],[144.96322661074825,-37.81534631075985],[144.96323143830858,-37.81534450269874],[144.9632371742499,-37.81534370074254],[144.96324346366347,-37.81534317871259],[144.96324947871406,-37.81534247170133],[144.9632546699501,-37.815341029499095],[144.96325830395645,-37.81533829961547],[144.9632626675368,-37.81533630329213],[144.9632684059529,-37.815335411259625],[144.96327479074125,-37.815334890877764],[144.96328108015388,-37.81533436884577],[144.96328663122466,-37.81533347357178],[144.96329109647127,-37.81533120865326],[144.96329472554928,-37.81532865801717],[144.9633000085233,-37.81532730841848],[144.9633060199611,-37.81532669145938],[144.96331258961783,-37.815326264390734],[144.96331851042635,-37.81532555574579],[144.96332351676588,-37.81532402112593],[144.9633271507937,-37.815321290339305],[144.96333169924063,-37.8153193873286],[144.96333771428866,-37.81531868031273],[144.96334418361772,-37.81531843174209],[144.96335111692568,-37.815318371431594],[144.96335804775802,-37.81531840119546],[144.9633753686501,-37.81531870079019],[144.96337901769795,-37.81531885402401],[144.96338565951862,-37.81531914914004],[144.96339220194335,-37.815319712889185],[144.96339817129578,-37.81532062719615],[144.9634022312259,-37.815322859339034],[144.96340427870203,-37.815326768907454],[144.96340575063033,-37.81533111910879],[144.96340717759978,-37.815333757199795],[144.96340779810686,-37.81533502867715],[144.96341146847013,-37.81533779568823],[144.96341437823617,-37.81534099923038],[144.96341515140637,-37.81534353589538],[144.96341575458501,-37.815345437895985],[144.9634171320694,-37.81534987658122],[144.96341917841158,-37.81535378612976],[144.9634228548626,-37.815356373010665],[144.96342556872287,-37.815359843516795],[144.96342675886302,-37.81536427896157],[144.9634282294532,-37.815368719257044],[144.96343075596903,-37.81537218652272],[144.9634347153468,-37.815374688179226],[144.96343772069562,-37.815377803256446],[144.96344053127305,-37.815381185317506],[144.96344468294774,-37.81538351006455],[144.96344816465432,-37.81538636302789],[144.9634508809923,-37.815389743458745],[144.96345474726684,-37.81539224350427],[144.96345861243097,-37.81539474262931],[144.96346123318938,-37.815398211524354],[144.96346471982343,-37.815400885238475],[144.96346886791386,-37.81540329913906],[144.96347168096915,-37.81540659112469],[144.963474970357,-37.81540962189726],[144.96347912453456,-37.81541185566764],[144.96348212738653,-37.8154150617193],[144.96348503354773,-37.81541835531494],[144.96348899543003,-37.81542076599422],[144.96349180598665,-37.815424148954904],[144.96349318595233,-37.81542849756461],[144.96349446806698,-37.81543293459948],[144.96349699077257,-37.815436582032994],[144.96350066477976,-37.81543925808562],[144.96350300014058,-37.81544290227879],[144.963504282256,-37.81544733931353],[144.96350565727195,-37.815451868072635],[144.96350809066445,-37.81545533462722],[144.9635118577779,-37.81545801228986],[144.96351371544256,-37.81546200869108],[144.96351461410202,-37.81546679956395],[144.9635152237496,-37.81547185579094],[144.96351593258848,-37.81547673349832],[144.9635175048526,-37.81548090519849],[144.96352107967147,-37.81548375977014],[144.96352389270726,-37.81548705265537],[144.96352536578084,-37.81549140287503],[144.96352664542292,-37.815495929984344],[144.9635286929101,-37.8154998395508],[144.96353227268108,-37.81550251397265],[144.96353479786617,-37.81550607133067],[144.96353588882363,-37.81551068529408],[144.96353631112743,-37.815515738280766],[144.96353711420844,-37.81552061761797],[144.96353754982434,-37.81552179668051],[144.96353849056754,-37.81552505628233],[144.96354159016707,-37.81552817298702],[144.96354535973597,-37.815530761474676],[144.96354798050308,-37.81553423036797],[144.9635513655047,-37.81553717177337],[144.9635554229511,-37.815539494886885],[144.96355842583614,-37.81554270003602],[144.96356143119678,-37.81554581511034],[144.96356558288446,-37.81554813985342],[144.96356887478237,-37.81555107964808],[144.96357149555124,-37.81555454854088],[144.96357545494345,-37.81555705019301],[144.96357855341049,-37.81556016687718],[144.96358012206898,-37.81556442863171],[144.96358131222115,-37.81556886407513],[144.96358335857767,-37.81557277362112],[144.96358712319966,-37.81557554225704],[144.96358955528464,-37.81557909800375],[144.96359064624644,-37.81558371196675],[144.96359125837515,-37.815588678118665],[144.9635919647445,-37.815593645900435],[144.9635928123857,-37.81559690389164],[144.96359315242245,-37.81559817141853],[144.96359605859553,-37.81560146501167],[144.9635992537811,-37.81560449325045],[144.96360082605236,-37.815608664949615],[144.96360162800292,-37.81561354426683],[144.96360214455206,-37.815618598883205],[144.96360304435413,-37.81562338977514],[144.96360509071317,-37.8156272993208],[144.9636086679929,-37.81563006471599],[144.96361119566112,-37.8156335319978],[144.963612476446,-37.81563805912594],[144.96361375970633,-37.81564249617927],[144.96361628128915,-37.815646143590875],[144.96361995778616,-37.81564872956536],[144.96362229065903,-37.815652464731876],[144.963624856046,-37.81566133881875],[144.96362757106186,-37.815664809340305],[144.96363114836896,-37.81566757383415],[144.96363309915012,-37.81567157184391],[144.96363381047337,-37.815676359475965],[144.9636344212656,-37.81568141572207],[144.96363522321897,-37.815686295039065],[144.96363698531505,-37.81569037990311],[144.96364037280247,-37.81569323123143],[144.96364327895645,-37.81569652572428],[144.9636446564602,-37.81570096440718],[144.9636458430074,-37.81570548990514],[144.96364808166734,-37.81570922254063],[144.96365175569326,-37.81571189858898],[144.96365437644667,-37.81571536838089],[144.96365565971067,-37.81571980543384],[144.96365633981202,-37.81572233958653],[144.9636569405243,-37.81572433166081],[144.96365936898184,-37.81572797836211],[144.96366285566305,-37.81573065117012],[144.96366518609003,-37.815734475509906],[144.96366608476183,-37.81573926638182],[144.96366660131588,-37.81574432099795],[144.96366740327184,-37.81574920031477],[144.96366887883372,-37.81575346045809],[144.96367216826934,-37.8157564903249],[144.96367526672375,-37.81575960790753],[144.96367674228622,-37.815763868050745],[144.96367802307705,-37.81576839517825],[144.96367997386315,-37.815772393187316],[144.9636799713879,-37.81577248326208],[144.96368336135592,-37.815775244514505],[144.96368607885375,-37.81577862496007],[144.9636871673487,-37.81578332899703],[144.963687590799,-37.81578838200294],[144.9636878208172,-37.81579361189875],[144.9636881462117,-37.81579884344401],[144.9636887583481,-37.81580380959547],[144.96369032567773,-37.815808161443115],[144.96369352087575,-37.81581118967961],[144.96369633395594,-37.81581448166036],[144.9636974249272,-37.81581909562248],[144.96369794148367,-37.815824150238505],[144.96369817016287,-37.8158294702287],[144.96369858866356,-37.81583470338407],[144.9636991076954,-37.815839667925324],[144.96370048406934,-37.81584410658801],[144.96370358616386,-37.815847133214106],[144.96370649235124,-37.81585042680481],[144.96370768003965,-37.81585495232187],[144.96370828970245,-37.815860008548015],[144.96370852085755,-37.81586523846342],[144.9637088462536,-37.8158704700086],[144.96370936281107,-37.81587552462456],[144.96371054936458,-37.815880050121955],[144.96371364898576,-37.815883166822594],[144.96371674747175,-37.815886283503495],[144.96371802826678,-37.81589081063061],[144.96371854482496,-37.815895865246546],[144.96371868040006,-37.815901183626536],[144.96371862254287,-37.815906678896454],[144.96371865895136,-37.81591217489544],[144.9637186978103,-37.81591758172037],[144.96371882977476,-37.81592299015546],[144.9637192532276,-37.815928043161215],[144.96371984651734,-37.815930305459496],[144.96372053402337,-37.815932570288304],[144.96372363612227,-37.81593559691396],[144.96372883634106,-37.815937218843985],[144.9637341357762,-37.81593866135327],[144.96373838668242,-37.81594080757116],[144.9637411997693,-37.81594409955099],[144.96374477706902,-37.81594686494251],[144.96374844997453,-37.81594954096854],[144.96375030518809,-37.815953627441196],[144.96375110962643,-37.81595841668275],[144.96375162618713,-37.815963471298566],[144.96375243176104,-37.815968260559735],[144.96375447927224,-37.81597217012269],[144.9637580554631,-37.81597493459348],[144.9637606773658,-37.81597840440292],[144.9637619581649,-37.81598293152961],[144.96376324030385,-37.81598736856188],[144.96376557321872,-37.81599110282513],[144.96376924726255,-37.81599377887022],[144.9637713928312,-37.81599750989351],[144.96377247885908,-37.81600230400455],[144.9637729954214,-37.81600735862029],[144.96377379738647,-37.81601223793644],[144.96377527048392,-37.81601658815334],[144.9637783750636,-37.81601952470291],[144.96378156777422,-37.81602264391277],[144.96378304334743,-37.816026904054816],[144.96378432414858,-37.816031431181294],[144.96378618070568,-37.816035427559065],[144.9637897580362,-37.8160381920486],[144.96379276095084,-37.81604139719239],[144.96379423157475,-37.81604583748383],[144.9637954206109,-37.816050272905706],[144.9637974681017,-37.816054183368756],[144.96380123525546,-37.81605686102305],[144.96380395276853,-37.81606024146618],[144.9638051418054,-37.81606467688798],[144.96380642260849,-37.81606920401424],[144.96380875800307,-37.81607284820197],[144.96381242841719,-37.81607561520171],[144.9638146657563,-37.81607943792879],[144.96381537709405,-37.81608422555987],[144.96381579446825,-37.81608945869527],[144.96381602563093,-37.8160946886105],[144.96381635353472,-37.816099829179926],[144.9638172497446,-37.81610471012555],[144.96381939284356,-37.816108531222824],[144.96382316131576,-37.81611111968284],[144.96382616784524,-37.81611423477073],[144.96382869440393,-37.81611770202871],[144.96383237090654,-37.816120288898006],[144.96383509471306,-37.816123399096575],[144.9638356643923,-37.816126562161635],[144.96383591514416,-37.81612764790866],[144.9638355159121,-37.816131965746834],[144.9638335385127,-37.81613571558856],[144.96382982125604,-37.81613808448072],[144.96382646520715,-37.81614090930577],[144.96382365521325,-37.816144284279034],[144.9638195621262,-37.81614664667164],[144.96381574817693,-37.81614910310763],[144.96381284507635,-37.816152476470506],[144.96380893799596,-37.816154932196916],[144.96380466253578,-37.81615711029889],[144.96380148885717,-37.816160119413254],[144.96379730516261,-37.81616238921942],[144.9637916573179,-37.8161633729608],[144.9637853667015,-37.81616389499844],[144.96377907969563,-37.81616432698061],[144.96377333876947,-37.81616530821023],[144.96376915638876,-37.816167488821705],[144.96376570970557,-37.81617022196003],[144.96376051594441,-37.81617175425796],[144.96375477499274,-37.816172736387415],[144.96374940380957,-37.816173904245154],[144.96374549311537,-37.81617645002449],[144.96374176979282,-37.816178998142846],[144.96373630434294,-37.81618016527096],[144.9637300123851,-37.81618077739995],[144.96372363000089,-37.816181207729684],[144.9637177091513,-37.81618191549232],[144.9637128826571,-37.8161837244923],[144.96370971394893,-37.81618655255378],[144.96370497808485,-37.816188453238325],[144.9636993302371,-37.81618943697518],[144.96369368107415,-37.81619050990539],[144.96368931495326,-37.816192597218794],[144.96368586218003,-37.816195510484526],[144.96368113126536,-37.816197231018585],[144.9636754845521,-37.816198214773884],[144.96366992849406,-37.81619928931314],[144.96366583539924,-37.81620165170014],[144.96366238623543,-37.81620447491002],[144.96365737868172,-37.816206010423684],[144.9636516377262,-37.81620699254797],[144.96364626653912,-37.81620816040089],[144.963642450081,-37.81621070780647],[144.96363881490853,-37.81621343768114],[144.96363353298673,-37.81621478821358],[144.96362788516092,-37.81621577104615],[144.9636226021033,-37.81621712155846],[144.96361896804052,-37.81621985235285],[144.963615154081,-37.816222308782024],[144.96360968862618,-37.81622347590408],[144.9636040394595,-37.81622454882987],[144.96359894127278,-37.816225992655966],[144.96359549096988,-37.81622881584413],[144.9635912166101,-37.8162309948584],[144.9635853838859,-37.81623188527472],[144.96357909326272,-37.816232407301115],[144.96357289938103,-37.81623283998158],[144.96356706531657,-37.81623382049138],[144.96356279229568,-37.816235909410196],[144.96355916072994,-37.816238549227165],[144.9635537809528,-37.81623998818109],[144.96354776944202,-37.81624060515068],[144.9635413882122,-37.81624103458925],[144.96353537670126,-37.816241651558194],[144.9635303691426,-37.81624318706631],[144.96352682573044,-37.81624600864203],[144.9635224596018,-37.816248095949014],[144.9635169035381,-37.81624917048085],[144.96351125681903,-37.81625015422809],[144.96350661405202,-37.81625205651472],[144.9635031624044,-37.81625496979441],[144.96349870450874,-37.81625696539574],[144.96349296357226,-37.816257946611366],[144.9634874074827,-37.81625902204253],[144.96348294958634,-37.81626101764326],[144.96347959351888,-37.81626384245782],[144.9634745846176,-37.816265468057836],[144.96346857065345,-37.81626617419731],[144.9634621893964,-37.81626660453223],[144.96345617427193,-37.816267311552174],[144.96345098544924,-37.816268663686564],[144.96344744203284,-37.816271485259755],[144.96344390106705,-37.816274217658865],[144.96343944319344,-37.816276212357124],[144.9634360846481,-37.81627912724511],[144.96343300271536,-37.816282228053666],[144.9634286366068,-37.81628431445626],[144.9634248165265,-37.81628695190955],[144.96342145798005,-37.81628986679707],[144.9634164515514,-37.81629140231979],[144.96341044006036,-37.816292018381475],[144.96340369153293,-37.81629217200802],[144.96339685123968,-37.81629223392938],[144.9633900096063,-37.81629238594474],[144.96338335666044,-37.81629245110582],[144.96337706850684,-37.816292883046486],[144.9634678530681,-37.816483120709606],[144.96347450600646,-37.816483056445016],[144.963481345182,-37.816482994500014],[144.96348809125135,-37.81648293094424],[144.9634949340379,-37.816482778943325],[144.9635011279656,-37.81648234536685],[144.9635065934412,-37.81648117825047],[144.96351031812722,-37.81647854004596],[144.96351459363933,-37.81647636105486],[144.96352033214188,-37.816475469012666],[144.96352671339204,-37.81647503957585],[144.96353336882999,-37.81647488433241],[144.96354002560795,-37.8164746389942],[144.96354640801815,-37.8164742086752],[144.96355187235707,-37.81647304153704],[144.96355578057353,-37.81647058674042],[144.96355977696982,-37.81646831280266],[144.9635655179468,-37.816467330683516],[144.96357189919604,-37.816466901244226],[144.96357865021494,-37.816466657533724],[144.9635851207797,-37.81646640897238],[144.9635915020536,-37.81646597863127],[144.9635971499238,-37.816464994900294],[144.963601055663,-37.81646263017685],[144.96360505700832,-37.81646017608801],[144.96361070621785,-37.81645910226197],[144.96361708612636,-37.8164587629146],[144.96362383466908,-37.81645860927623],[144.9636306738427,-37.81645854732247],[144.96363741991004,-37.816458483758076],[144.96364407534656,-37.8164583285083],[144.9636504590949,-37.816457808089226],[144.96365555729687,-37.816456364261406],[144.9636591888703,-37.81645372444176],[144.96366364677405,-37.816451728834615],[144.963669570121,-37.81645093100062],[144.96367613379053,-37.816450684044426],[144.96368297296348,-37.81645062208761],[144.96368981327188,-37.816450560150024],[144.9636967442112,-37.816450589896995],[144.96370358090888,-37.81645061801373],[144.96370404871078,-37.81645062610389],[144.96371032697567,-37.81645055444511],[144.96371689559564,-37.816450127337156],[144.96372244922156,-37.816449141970246],[144.96372644919776,-37.81644677887229],[144.9637304505382,-37.81644432477905],[144.9637360041388,-37.81644334031226],[144.96374238541023,-37.81644290996289],[144.96374894165334,-37.81644293322687],[144.96375558718768,-37.8164431382698],[144.96376194370697,-37.81644360866693],[144.9637676252999,-37.8164447874312],[144.96377168280182,-37.81644711053856],[144.96377535573234,-37.81644978656428],[144.9637807518968,-37.81645114152819],[144.96378710346667,-37.8164517920735],[144.96379383715788,-37.81645217887392],[144.96380067004117,-37.81645238715418],[144.96380759603073,-37.816452597044126],[144.96386377200585,-37.8164535684904],[144.96387069799584,-37.816453778376655],[144.9638775272692,-37.816454076707586],[144.96388407113844,-37.816454550337895],[144.9638903246782,-37.8164553785164],[144.96389505332033,-37.816457172519826],[144.96389834413503,-37.816460112286755],[144.9639030716422,-37.81646190627023],[144.9639093251581,-37.816462735348495],[144.96391577592215,-37.81646320736706],[144.96392251209042,-37.816463504085384],[144.9639294380817,-37.81646371396821],[144.963936364073,-37.816463923850634],[144.9639432875894,-37.816464223807415],[144.96394992951628,-37.81646451889457],[144.96395609129107,-37.81646525536524],[144.96396129516248,-37.816466787230944],[144.96396468022198,-37.81646972862571],[144.9639681619737,-37.816472582475974],[144.9639726016292,-37.81647464093073],[144.9639758924231,-37.81647758159634],[144.96397918437745,-37.81648052138073],[144.9639842915338,-37.81648214169064],[144.96398978331075,-37.81648340727958],[144.9639947973613,-37.816485025979055],[144.96399808570638,-37.81648805581811],[144.9640014707436,-37.81649099811264],[144.96400553323028,-37.8164931401619],[144.96400882021194,-37.816496260995805],[144.96401153774988,-37.816499641434675],[144.96401540298973,-37.816502140543165],[144.96401821360973,-37.81650552349258],[144.9640194969072,-37.816509960542035],[144.9640201102298,-37.816514925810914],[144.96402072239223,-37.8165198919609],[144.964021907634,-37.81652450754992],[144.96402462401335,-37.81652788886964],[144.96402800907816,-37.81653083026269],[144.96402967449745,-37.81653500356673],[144.9640305732003,-37.81653979443618],[144.964030996676,-37.81654484744104],[144.96403189537904,-37.816549638310484],[144.96403375062195,-37.816553724779176],[144.9640373293256,-37.816556399167546],[144.96404013863392,-37.81655987131013],[144.96404151998962,-37.816564129819746],[144.96404299311243,-37.81656848003368],[144.96404589931734,-37.816571774517634],[144.96405081781865,-37.81657348077902],[144.9640548107932,-37.81657472135022],[144.964055924983,-37.816575101086],[144.96406017232445,-37.816577337348505],[144.9640621231508,-37.81658133535193],[144.9640629287498,-37.816586124611284],[144.9640631574798,-37.81659144370018],[144.96406286302243,-37.81660216079648],[144.96406243544098,-37.81660746943825],[144.96406155243062,-37.81661231961739],[144.96406003272824,-37.81661652796451],[144.9640568678279,-37.81661917586582],[144.96405454408765,-37.81662192842914],[144.9640545393351,-37.8166255330495],[144.96405680526513,-37.81662827485558],[144.9640598181138,-37.81663111969419],[144.964060919017,-37.81663537335426],[144.96406125681315,-37.81664015452478],[144.96406102400414,-37.81664519618165],[144.96406014460348,-37.81664995630559],[144.96405797985182,-37.81665370291125],[144.96405434825715,-37.816656343643984],[144.9640518099436,-37.81666008379025],[144.96405065142662,-37.816664748970275],[144.96404976346494,-37.81666977929878],[144.96404878734637,-37.81667462786779],[144.96404717092497,-37.81667892465987],[144.96404390054053,-37.816682021324624],[144.96404072687264,-37.816685029544075],[144.96403901620855,-37.81668932470643],[144.96403794698242,-37.81669417166542],[144.96403724636795,-37.81669920523323],[144.9640359947428,-37.81670386880316],[144.9640334589015,-37.81670751887412],[144.96402973308602,-37.81671015707567],[144.9640273870429,-37.81671372121197],[144.96402576453409,-37.81671819813357],[144.9640241456354,-37.81672258499998],[144.9640212449953,-37.81672586829257],[144.9640174285468,-37.81672841480895],[144.9640151682091,-37.816732249878484],[144.9640136399411,-37.81673672842945],[144.96401193040955,-37.816741023610916],[144.96400894045127,-37.81674412602477],[144.96400512152647,-37.816746762615495],[144.96400304358627,-37.81675078107382],[144.9640015189275,-37.81675516956943],[144.96399981073432,-37.8167593746563],[144.96399654526937,-37.81676229207078],[144.9639934721275,-37.81676503167443],[144.96399315949787,-37.81676619779684],[144.9639923284546,-37.81676915640507],[144.96399249374753,-37.81677339388745],[144.96399436023256,-37.816777029963234],[144.9639986161436,-37.8167789960235],[144.96400429908104,-37.8167800855835],[144.964010464493,-37.81678073199692],[144.96401652573851,-37.81678173798028],[144.96402153867416,-37.81678335665951],[144.9640247364013,-37.81678629481337],[144.9640290779957,-37.816788532706816],[144.964034569796,-37.81678979829429],[144.96404006404666,-37.81679097470749],[144.9640447866285,-37.81679294883543],[144.96404807612421,-37.816795978692994],[144.96405251825118,-37.81679794797123],[144.9640584852567,-37.81679895232291],[144.9640647437775,-37.81679960034348],[144.96407090308185,-37.81680042778447],[144.9640762050354,-37.81680178110612],[144.96407987665498,-37.816804547217416],[144.96408307436064,-37.81680748627051],[144.9640873217407,-37.816809721631614],[144.96409089661935,-37.81681257708858],[144.96409351992997,-37.81681595589629],[144.96409766925447,-37.81681836979671],[144.96410115484144,-37.816821043474306],[144.96410377320316,-37.81682460243134],[144.96410725747606,-37.816827365302444],[144.96411073811413,-37.81683021912935],[144.9641124035441,-37.816834392432334],[144.9641132091484,-37.81683918169131],[144.96411372573723,-37.8168442363057],[144.96411471757986,-37.816849027883684],[144.96411676510792,-37.81685293834179],[144.96412024824713,-37.816855701192914],[144.96412248809895,-37.816859433840015],[144.9641232900938,-37.81686431315406],[144.96412361552035,-37.81686954469825],[144.96412365440617,-37.81687495152309],[144.96412359659968,-37.81688044589246],[144.96412130290153,-37.816963928990596],[144.96412133933683,-37.81696942498938],[144.96412147132907,-37.81697483342401],[144.9641217025133,-37.816980063338605],[144.9641226012262,-37.81698485420734],[144.96412483860692,-37.81698867692919],[144.96412832175258,-37.816991439780224],[144.96413027259254,-37.81699543778267],[144.96413098148207,-37.81700031548677],[144.9641313057739,-37.81700554701121],[144.96413134465985,-37.817010953835954],[144.96413147778824,-37.8170163622902],[144.96413161225595,-37.817021680650036],[144.96413168919946,-37.817022311902164],[144.96413203328976,-37.817026822828424],[144.9641332174097,-37.817031438396775],[144.9641361272462,-37.817034642823764],[144.96413951233782,-37.81703758421419],[144.96414118024836,-37.81704166744204],[144.96414245995086,-37.81704619454538],[144.96414402980514,-37.81705045631288],[144.96414732065534,-37.81705339607362],[144.9641504203175,-37.817056513664845],[144.96415189098047,-37.817060953952314],[144.96415250562941,-37.8170658300268],[144.9641532095713,-37.8170708878803],[144.96415401767962,-37.81707558616344],[144.96415635062155,-37.81707932132061],[144.96415983377256,-37.81708208417081],[144.96416188133367,-37.817085993727495],[144.96416268333292,-37.81709087304126],[144.9641630087625,-37.81709610458523],[144.96416323994964,-37.81710133449974],[144.96416365737565,-37.817106566733194],[144.9641644629854,-37.817111355991784],[144.96416650938727,-37.81711526642954],[144.96417008678281,-37.81711803090894],[144.96417222992721,-37.81712185200055],[144.96417313111948,-37.817126552794164],[144.9641737419561,-37.81713160903771],[144.96417445084938,-37.81713648674156],[144.96417592398993,-37.817140836953975],[144.96417902368157,-37.817143953643814],[144.9641819324136,-37.81714715714941],[144.96418340555476,-37.81715150736173],[144.96418411197408,-37.81715647514031],[144.96418463104376,-37.81716143967957],[144.96418562400504,-37.817166232177314],[144.96418795945073,-37.81716987635842],[144.96419153435016,-37.817172731812775],[144.96419339343004,-37.81717663811008],[144.96419419656755,-37.81718151744327],[144.96419442528213,-37.81718683743247],[144.9641943724291,-37.81719215165221],[144.96419422396934,-37.81719755523764],[144.96419389063453,-37.817202865509024],[144.96419309444227,-37.817207987542496],[144.96419166041645,-37.817212467724886],[144.964188392488,-37.817215474318125],[144.96418439361867,-37.81721783745036],[144.96418121743284,-37.81722093664836],[144.96417921868002,-37.81722207271679],[144.9641771267951,-37.817223208076086],[144.9641731749209,-37.81722386068807],[144.9641728908536,-37.817223945894064],[144.9641683596063,-37.81722521931131],[144.9641679165471,-37.81722431047516],[144.9641648220281,-37.81722443720536],[144.96415807589,-37.81722450079796],[144.9641513272771,-37.817224654464965],[144.96414448689634,-37.817224716427326],[144.9641379231585,-37.817224963407675],[144.96413190912082,-37.81722566957887],[144.96412736054899,-37.817227573517876],[144.96412409014252,-37.81723067018399],[144.964122377906,-37.817231631871536],[144.96412009372048,-37.81723294413994],[144.96411590997306,-37.81723521395558],[144.9641130092911,-37.81723849815044],[144.96410937655799,-37.81724113796348],[144.96410491730236,-37.81724322277988],[144.96410165181922,-37.817246140196545],[144.96409774110307,-37.817248685085104],[144.96409227918866,-37.817249762172295],[144.96408608024888,-37.81725037592762],[144.96407969777337,-37.81725080627399],[144.96407386613333,-37.817251695831104],[144.96406931755845,-37.817253599767795],[144.9640658672232,-37.817256422968406],[144.96406104314053,-37.81725814190581],[144.96405539634998,-37.81725912567701],[144.96404983660597,-37.81726029028699],[144.96404565283018,-37.817262561000774],[144.96404229673632,-37.81726538583024],[144.9640372902525,-37.8172669213776],[144.96403154921825,-37.817267903518044],[144.96402617548372,-37.8172691614608],[144.96402226721403,-37.81727161717272],[144.96401863313662,-37.817274347077216],[144.96401353735894,-37.81727570084441],[144.96400779387358,-37.81727677215767],[144.96400278872784,-37.817278217609115],[144.9639991521744,-37.81728103758772],[144.96399570294594,-37.81728386170654],[144.96399115439195,-37.817285764739324],[144.96398742852026,-37.817288403839136],[144.96398407242302,-37.81729122866683],[144.96397887992586,-37.81729267087761],[144.96397286585676,-37.81729337794122],[144.96396657764467,-37.81729380901021],[144.9639605635754,-37.817294516073176],[144.96395564524525,-37.817296233376474],[144.96395256465368,-37.817299243202406],[144.96394847016546,-37.81730169569172],[144.96394401224148,-37.81730369040739],[144.96394285957604,-37.81730475188598],[144.9639407442991,-37.817306696993306],[144.96393665228516,-37.81730905940743],[144.96393118922882,-37.8173101364673],[144.96392499030773,-37.8173107493132],[144.96392123815244,-37.817310954782464],[144.96392105080238,-37.817310951542744],[144.9639210483273,-37.8173110416175],[144.9639072647567,-37.81731494777302],[144.96390505634648,-37.817316892170346],[144.9639000473814,-37.817318517786426],[144.9638943063664,-37.817319499019234],[144.96388893507643,-37.81732066778155],[144.96388484192465,-37.81732303017417],[144.96388120422918,-37.81732585012929],[144.9638762002133,-37.817327295594815],[144.96387045919735,-37.81732827682643],[144.96386508543122,-37.81732953566239],[144.96386126894552,-37.81733208217244],[144.96385745377455,-37.817334539488705],[144.96385198937563,-37.817335706639184],[144.96384578931648,-37.817336319461205],[144.9638394079682,-37.817336749813904],[144.96383358371983,-37.817337370035354],[144.96382904255944,-37.81733900373814],[144.96382597928746,-37.8173413830373],[144.96382220980405,-37.817342219026585],[144.96381830742507,-37.81734107013143],[144.96381642989954,-37.81733779433235],[144.96381475705078,-37.817333891249916],[144.96381269826136,-37.817330432081036],[144.96380862472418,-37.817328649402825],[144.96380338727874,-37.81732837859501],[144.96379830882046,-37.81732910182945],[144.96379505077215,-37.817331748112125],[144.9637932543957,-37.81733577143526],[144.96379163794347,-37.81734006822251],[144.96378882901075,-37.81734344411332],[144.96378492075425,-37.81734589891627],[144.96378413917546,-37.81734705692819],[144.96378422980754,-37.81734714861308],[144.96378441468244,-37.81734724192776],[144.96378565437576,-37.81734987587414],[144.96378564447474,-37.817350236173134],[144.9637854521741,-37.81735041308269],[144.96378526234872,-37.8173504999175],[144.96378205130412,-37.817351435680365],[144.96378167773932,-37.81735142922011],[144.96378058107408,-37.81735384252761],[144.9637786904535,-37.817357864220675],[144.96377487280324,-37.81736041160887],[144.9637691317836,-37.81736139283545],[144.96376302707534,-37.8173620082032],[144.96375682698869,-37.81736262192118],[144.9637512732941,-37.81736360728758],[144.9637472744033,-37.817365970404275],[144.96374354604376,-37.817368699570714],[144.96373835717242,-37.81737005081472],[144.96373270923422,-37.817371034550405],[144.96372733546292,-37.817372293379904],[144.96372370136996,-37.81737502327477],[144.96371988371698,-37.81737757066111],[144.96371450996978,-37.81737882858925],[144.96370895627345,-37.8173798139536],[144.96370376490066,-37.81738125617152],[144.96370013080642,-37.81738398606564],[144.96369984426263,-37.81738416134519],[144.96369585277046,-37.81738625513657],[144.96369020733067,-37.81738714789467],[144.96368401085232,-37.81738767155364],[144.9636776270237,-37.81738819197216],[144.96367188845147,-37.81738908401989],[144.96366752475797,-37.817391080354554],[144.96366388950173,-37.8173938111286],[144.9636586981519,-37.81739525244373],[144.9636525923047,-37.81739586778601],[144.96364621095066,-37.817396298128045],[144.96364019687073,-37.817397005174314],[144.96363500549546,-37.81739844738912],[144.9636315576127,-37.81740118050155],[144.96362728207396,-37.81740335859441],[144.96362163279198,-37.817404432419025],[144.9636159823744,-37.81740550622372],[144.96361125253986,-37.81740722587122],[144.9636079845549,-37.81741023334808],[144.96360352661566,-37.817412228050344],[144.96359806715844,-37.81741321503931],[144.9635978798082,-37.81741321179906],[144.963592326108,-37.817414197157795],[144.96358796983745,-37.81741592326521],[144.96358508645375,-37.81741857692297],[144.9635809373124,-37.81741958657326],[144.9635769307886,-37.81741879633908],[144.9635740904503,-37.817416494276],[144.9635705641123,-37.81741526175882],[144.9635663367167,-37.81741572934991],[144.96356336651596,-37.81741811115294],[144.96356001534807,-37.81742075581839],[144.96355574834354,-37.81742266460475],[144.96355239222407,-37.817425489419435],[144.96354930665993,-37.81742867938359],[144.96354522339394,-37.81743068146495],[144.96354141184347,-37.817433047814646],[144.96353852845743,-37.81743570147119],[144.9635345666649,-37.81743671436012],[144.96353074749103,-37.81743592736471],[144.9635279071536,-37.81743362530054],[144.96352438195106,-37.817432392801635],[144.9635202390995,-37.81743313220591],[144.96351717444904,-37.81743560249173],[144.96351382822994,-37.81743806700633],[144.96350937521305,-37.8174398824562],[144.96350592845926,-37.81744261558437],[144.96350229321942,-37.8174453454524],[144.96349691943922,-37.8174466042711],[144.96349071800378,-37.81744730806914],[144.96348442975216,-37.817447740012675],[144.9634785087743,-37.81744844866088],[144.96347368469114,-37.817450166672664],[144.96347014119226,-37.81745298914517],[144.9634654102161,-37.817454708766995],[144.96345939251896,-37.8174555058589],[144.96345310540204,-37.817455937820355],[144.96344690778136,-37.81745646144699],[144.9634414433925,-37.81745762767719],[144.9634374419866,-37.81746008175836],[144.9634335361884,-37.81746244647435],[144.96342797753124,-37.817463611974595],[144.9634217799098,-37.817464135599856],[144.96341539607337,-37.81746465600392],[144.96340956686086,-37.817465456353425],[144.96340501580576,-37.81746744943746],[144.96340184207762,-37.81747045763759],[144.9633977513783,-37.817472729937805],[144.96339328847844,-37.81747490478128],[144.96339020896767,-37.817477915511915],[144.9633859334177,-37.81748009359565],[144.96338019483542,-37.81748098562883],[144.96337390410483,-37.81748150764106],[144.96336761450962,-37.81748202967258],[144.96336196658348,-37.81748301248933],[144.9633577827748,-37.81748528317762],[144.9633542417705,-37.81748801467097],[144.96334905038384,-37.817489456872806],[144.96334340243214,-37.817490440589374],[144.96333821354565,-37.817491791815264],[144.96333467251557,-37.81749452420873],[144.9633314070163,-37.81749744070197],[144.96332685840832,-37.8174993446089],[144.9633233273055,-37.817501715802386],[144.9633203533022,-37.81750427686728],[144.9633161198132,-37.817504924578955],[144.96331231167733,-37.8175037772972],[144.9633093820284,-37.81750129434906],[144.9633049275019,-37.81749977541592],[144.96329940845388,-37.817499499714515],[144.9632939627065,-37.81749994622111],[144.96328951081628,-37.81750176168201],[144.96328634450964,-37.817504499654696],[144.96328133438385,-37.81750612522399],[144.96327568756564,-37.81750710895691],[144.96330946813057,-37.8175799522304],[144.9633158495016,-37.81757952190712],[144.963322045973,-37.81757899916884],[144.96332553006363,-37.81757833849435],[144.9633255350153,-37.817578158344915],[144.96332563421,-37.81757797982566],[144.96332572979344,-37.817577891361466],[144.96332582651232,-37.8175778029169],[144.96332799667243,-37.81757720963226],[144.9633284656168,-37.817577217743796],[144.96332864935619,-37.81757731103954],[144.96333169534762,-37.81757556137641],[144.9633354212319,-37.817572923199286],[144.96334061014892,-37.81757157107297],[144.96334626055793,-37.817570498182754],[144.96335145195042,-37.817569055981224],[144.96335489985125,-37.817566322877596],[144.9633584447003,-37.81756341031455],[144.96336290017922,-37.81756150569677],[144.96336643873582,-37.81755886337725],[144.963369982219,-37.817556041808935],[144.96337508050246,-37.817554597995844],[144.9633811888402,-37.817553892593686],[144.96338757018398,-37.817553463167194],[144.96339349364672,-37.81755266444912],[144.9633984095304,-37.817551037244954],[144.9634016763699,-37.81754803065553],[144.9634055846742,-37.81754557496533],[144.96341004149116,-37.81754358025133],[144.96341349434013,-37.81754066699644],[144.9634173084007,-37.81753820967575],[144.96342286458793,-37.817537134250905],[144.96342897042342,-37.81753651982171],[144.9634353517903,-37.8175360894918],[144.96344108790063,-37.81753528753076],[144.96344544668193,-37.817533470453654],[144.9634486042169,-37.81753109279511],[144.96345283904668,-37.81753035498432],[144.96345684062365,-37.81753132537229],[144.9634597678032,-37.817533898391645],[144.96346394074155,-37.81753541244855],[144.96346936668564,-37.81753568653193],[144.96347472066762,-37.81753514831251],[144.9634785247986,-37.8175330521894],[144.96348069097175,-37.81752921460138],[144.96348267338044,-37.81752528461857],[144.9634856647086,-37.817522093026376],[144.9634909478626,-37.817520742523264],[144.96349705256088,-37.817520128070825],[144.9635035256935,-37.81751978944197],[144.96351008945803,-37.817519542497806],[144.96351665817372,-37.81751911540384],[144.9635223036501,-37.817518221753694],[144.9635264874311,-37.81751595196021],[144.96353030396236,-37.81751340456097],[144.96353576703876,-37.817512327520326],[144.96354215085404,-37.8175118080106],[144.96354889701723,-37.81751174445406],[144.96355564565596,-37.8175115908224],[144.96355836301078,-37.81751154770271],[144.96356239181915,-37.81751152726507],[144.96356904735035,-37.81751137202232],[144.96357533694712,-37.81751084998005],[144.9635805269913,-37.817509497862524],[144.96358407046418,-37.81750667628742],[144.96358770209326,-37.817504036471995],[144.96359225317082,-37.81750204248008],[144.96359273088135,-37.817501690271975],[144.9635957941674,-37.81749931097933],[144.96359933518843,-37.817496578577725],[144.963604708946,-37.81749532065519],[144.9636109079092,-37.81749470692594],[144.9636171961644,-37.81749427497576],[144.963619640487,-37.81749395677994],[144.96361982783748,-37.81749396002015],[144.96361983031292,-37.817493869945416],[144.9636236047571,-37.81749285381346],[144.96362823272304,-37.8174914928739],[144.96362832830602,-37.817491404409445],[144.96362995487362,-37.81749017089502],[144.96363148472278,-37.817489025825374],[144.96363630996538,-37.81748730692599],[144.96364223339592,-37.81748650909591],[144.9636466431948,-37.817486224891866],[144.96364861475774,-37.817486078754285],[144.96365481371993,-37.81748546502272],[144.96366027679275,-37.81748438797619],[144.9636641875361,-37.817481843103046],[144.9636663774942,-37.817480529214095],[144.9636681864606,-37.81747947908871],[144.96367374261555,-37.817478404552546],[144.96367402307348,-37.8174784094029],[144.96367994157697,-37.817477790819616],[144.96368632293795,-37.817477360475934],[144.9636922439166,-37.81747665181727],[144.96369688673263,-37.81747475042652],[144.9637004277489,-37.81747201802172],[144.9637052493533,-37.81747039007528],[144.96371136015705,-37.81746959458096],[144.96371773904187,-37.81746925431028],[144.96372384489476,-37.817468638964804],[144.9637292186732,-37.817467380135696],[144.96373294453826,-37.81746474194539],[144.96373332666508,-37.817464478201224],[144.96373694591028,-37.81746228875465],[144.96374231721276,-37.81746111999965],[144.96374805826525,-37.81746013787391],[144.96375306590323,-37.81745860235908],[144.96375660689193,-37.817455870853244],[144.9637608812947,-37.81745369273605],[144.9637666198711,-37.81745280068411],[144.9637730048404,-37.817452280280534],[144.96377919884847,-37.81745184669178],[144.96378484318166,-37.817450953009136],[144.96378892394267,-37.81744904189479],[144.96379217212026,-37.81744675501072],[144.9637963995166,-37.817446287411556],[144.96380010826002,-37.81744770331151],[144.9638028370619,-37.81745063336203],[144.9638066141608,-37.81745295161938],[144.96381057863508,-37.81745527221575],[144.96381329617222,-37.81745865356018],[144.96381677685193,-37.81746150649526],[144.96382092865264,-37.81746383123194],[144.96382364755507,-37.81746712158101],[144.96382665166178,-37.81747032674455],[144.9638305169195,-37.81747282676077],[144.9638329454639,-37.817476472558624],[144.96383394335595,-37.81748108490908],[144.96383455303572,-37.81748614113388],[144.96383535617665,-37.81749101956795],[144.96383683177834,-37.81749527970925],[144.96384012261015,-37.81749822037934],[144.96384370248612,-37.81750089479394],[144.96384604039966,-37.817504448906696],[144.9638488733244,-37.81750702118776],[144.96384914996756,-37.81750720620684],[144.9638523625687,-37.81750960391728],[144.96385330332237,-37.81751286441741],[144.96385250444118,-37.817514652052225],[144.9638519126873,-37.81751572322963],[144.96384894860185,-37.81751792400942],[144.96384755412686,-37.81752096389145],[144.96384849738035,-37.81752413341613],[144.9638513377562,-37.81752643457216],[144.96385294604525,-37.817529256028216],[144.96385238667935,-37.817532579803235],[144.9638497947945,-37.81753487803818],[144.9638475690744,-37.817537452056605],[144.96384766239242,-37.817540877236006],[144.9638498327335,-37.81754370841167],[144.9638529436676,-37.817546374716585],[144.9638546140475,-37.8175503678733],[144.96385589982555,-37.817554714849294],[144.9638575652554,-37.81755888815546],[144.9638611426349,-37.817561653545106],[144.9638650079232,-37.817564152659585],[144.96386763124832,-37.817567531472406],[144.96387178058134,-37.81756994628221],[144.96387708013495,-37.81757138878814],[144.963879587865,-37.817572153094],[144.96388228408122,-37.817572920659245],[144.96388595704508,-37.81757559758353],[144.96388752575885,-37.817579859334344],[144.9638883313544,-37.81758464859411],[144.96388904025653,-37.81758952539816],[144.96388985080256,-37.8175941345084],[144.96388985822801,-37.81759386428417],[144.96389003454274,-37.817594227803305],[144.96389012383554,-37.817594409582505],[144.96389228675432,-37.817597510981656],[144.9638953095348,-37.817599995526],[144.96389634208404,-37.81760334682956],[144.9638955283272,-37.81760567581385],[144.96389513382454,-37.81760638993227],[144.96389226284424,-37.81760859232312],[144.963890779101,-37.81761144952565],[144.96389171985746,-37.81761471002554],[144.96389493360002,-37.81761710775457],[144.96389804203884,-37.817619865033926],[144.96390037995857,-37.81762341914571],[144.9639037749669,-37.817626000244154],[144.9639057851881,-37.81762783735688],[144.96390697517447,-37.81762884922774],[144.96390791348142,-37.81763219890149],[144.96390798544843,-37.817633011203924],[144.9639080528824,-37.81763733711114],[144.96390682103169,-37.8176412800803],[144.9639037527989,-37.81764383953059],[144.96390152323764,-37.81764659461982],[144.96390161655805,-37.8176500197992],[144.96390426216396,-37.817652587938575],[144.96390785192526,-37.817654902953215],[144.96391047773054,-37.81765819169042],[144.96391415567456,-37.81766068756367],[144.9639196436971,-37.817662134228016],[144.9639223387816,-37.81766290177279],[144.96392475588254,-37.817663574393],[144.96392862117827,-37.817666073505556],[144.9639302866145,-37.81767024681079],[144.96393118532131,-37.81767503768035],[144.96393179748378,-37.81768000383],[144.96393288601686,-37.81768470786452],[144.96393531570834,-37.817688353680126],[144.96393879885363,-37.81769111743793],[144.96394074969993,-37.81769511544332],[144.96394165088273,-37.81769981623805],[144.9639421674632,-37.81770487085234],[144.96394225675627,-37.817705052631524],[144.96394234491385,-37.81770523439105],[144.96394791947114,-37.81771713348247],[144.96395064199868,-37.81772033377378],[144.96395173300854,-37.81772494773338],[144.96395172310818,-37.81772530803237],[144.96395206223863,-37.817729999107954],[144.9639520129518,-37.81773522417223],[144.96395149719453,-37.81774035105271],[144.96395061663517,-37.81774511115478],[144.9639485422721,-37.81774903955551],[144.9639439887377,-37.817751122734954],[144.9639380677388,-37.81775183140569],[144.9639315945867,-37.817752170057915],[144.9639247552931,-37.81775223202573],[144.96391791733916,-37.81775220389876],[144.96391098627737,-37.81775217416133],[144.9639041469838,-37.81775223612792],[144.96389749143077,-37.81775239138903],[144.96389129244756,-37.81775300513278],[144.9638863765849,-37.81775463145664],[144.96388311109467,-37.81775754796535],[144.9638792945621,-37.81776009537593],[144.96387492837636,-37.81776218179244],[144.96387290235228,-37.817764309577946],[144.9638719370296,-37.81776537429535],[144.96386848418717,-37.8177682875638],[144.96386430287666,-37.81777046729447],[144.96386103736012,-37.817773384703266],[144.96385804108667,-37.81777675645453],[144.9638540421762,-37.81777911957414],[144.96385104835264,-37.81778240215121],[144.96384979803418,-37.81778697562309],[144.963849094918,-37.817792099263],[144.96384875910337,-37.81779749870609],[144.9638483276808,-37.81780298751456],[144.9638475629871,-37.81783081520494],[144.9638475993748,-37.81783631210323],[144.9638476382625,-37.817841718026024],[144.96384777023337,-37.8178471264597],[144.9638482892832,-37.81785209099939],[144.96384975994147,-37.81785653128999],[144.963852957706,-37.817859469449154],[144.96385576950252,-37.81786285242261],[144.96385695609132,-37.81786737791827],[144.96385737710816,-37.817872520096536],[144.96385760218772,-37.817877930140305],[144.96385743142284,-37.817884144396615],[144.96385739450486,-37.817888919086855],[144.96385035144107,-37.818145219547695],[144.96385010375687,-37.818150801650795],[144.96384995529166,-37.81815620433345],[144.9638494320973,-37.81816160143705],[144.96384863834328,-37.81816663339167],[144.96384701939863,-37.81817102025343],[144.96384375141255,-37.81817402683502],[144.96383993733184,-37.818176484168774],[144.96383712478178,-37.81817994921378],[144.96383358489555,-37.81818268074044],[144.96382930929153,-37.81818485973999],[144.9638262261811,-37.81818795963571],[144.9638241144609,-37.8181898155855],[144.96382286756034,-37.81819087453179],[144.9638185013224,-37.81819296184606],[144.96381495782413,-37.81819578342719],[144.96381159917783,-37.81819869922367],[144.9638065951257,-37.81820014378355],[144.96380103641775,-37.818201309299845],[144.96379584632808,-37.81820266142567],[144.9637922121954,-37.8182053913212],[144.9637888535725,-37.818208306216235],[144.96378448733262,-37.81821039352916],[144.96378094630757,-37.8182131250345],[144.9637779524872,-37.81821640670812],[144.96377376751266,-37.818218677390455],[144.96377004522066,-37.81822122552561],[144.96376714448314,-37.81822450970988],[144.96376323617815,-37.81822696451039],[144.96375933034827,-37.81822932923604],[144.96375642713457,-37.818232703494736],[144.96375297787597,-37.81823552670373],[144.9637489764615,-37.81823797989352],[144.96374653363407,-37.81824163246647],[144.96374482043765,-37.818246017696694],[144.96374311332727,-37.81825022279706],[144.9637398478089,-37.81825313930078],[144.963735846393,-37.81825559249009],[144.963733133005,-37.81825887991348],[144.96372986005963,-37.818262066641104],[144.96372595175143,-37.81826452144024],[144.9637236031659,-37.818268175642515],[144.96372234903947,-37.818272928380566],[144.96372146350674,-37.81827786862937],[144.9637204873408,-37.8182827171932],[144.96371859174013,-37.81828691903339],[144.9637150506842,-37.818289651437276],[144.96371196870004,-37.81829275134932],[144.96371025797572,-37.8182970465042],[144.96370872965286,-37.818301525048604],[144.96370656101624,-37.81830545181401],[144.9637028375573,-37.8183080008279],[144.96370011923972,-37.818311467499115],[144.96369886756162,-37.818316131062865],[144.96369825508623,-37.818321345485195],[144.9636979192317,-37.81832674582779],[144.9636975845126,-37.818332146189995],[144.96369733929106,-37.81833763821755],[144.9636970009609,-37.818343128634815],[144.96369657449773,-37.81834843639165],[144.96369578073077,-37.81835346834474],[144.9636940675285,-37.81835785357399],[144.9636907113454,-37.818360679291864],[144.9636868911883,-37.81836331584921],[144.96368417534333,-37.81836669244524],[144.96368045054044,-37.81836933155266],[144.96367617742135,-37.818371419570674],[144.96367309429658,-37.818374519461884],[144.96366909037164,-37.818377063624084],[144.96366390390307,-37.8183783247878],[144.96365816277793,-37.81837930690721],[144.96365315507504,-37.81838084241592],[144.96364970580547,-37.81838366562151],[144.96364533955133,-37.8183857529288],[144.96363950665685,-37.81838664334264],[144.96363321701045,-37.81838716448538],[144.96362692620374,-37.818387686508885],[144.96362127571058,-37.8183887603115],[144.96361737100307,-37.81839112505163],[144.96361401234003,-37.8183940408419],[144.9636096449736,-37.81839612722745],[144.96360555041227,-37.81839857970234],[144.96360256152758,-37.81840168122153],[144.96359792110093,-37.81840349343256],[144.96359236487507,-37.81840456796297],[144.96358680614867,-37.81840573346858],[144.9635826247935,-37.81840791318776],[144.96357926612833,-37.81841082897696],[144.9635741653379,-37.81841236197109],[144.96356851731778,-37.818413345696385],[144.9635630503589,-37.81841460290556],[144.96355923762147,-37.81841696923438],[144.96355541856755,-37.81841960670762],[144.96354985986432,-37.81842077131067],[144.96354366577415,-37.81842120488493],[144.96353682528397,-37.81842126680876],[144.96352998592926,-37.81842132875183],[144.96352305728175,-37.81842120891504],[144.96351613110994,-37.818420999003116],[144.96350930052256,-37.8184207006265],[144.96350275648356,-37.81842022697055],[144.96349687996548,-37.818419315173294],[144.96349234960172,-37.81841716411238],[144.96348943724175,-37.818414050644876],[144.9634853821199,-37.81841163745097],[144.96348123025373,-37.818409313602324],[144.96347822728634,-37.81840610754867],[144.96347426638465,-37.818403696885234],[144.96346886761012,-37.81840243197846],[144.9634633781781,-37.81840107628705],[144.96345903403375,-37.81839892844579],[144.96345621839575,-37.8183957265329],[144.96345226133613,-37.818393134798924],[144.96344820371613,-37.81839081257924],[144.9634453930304,-37.818387430516694],[144.96344209970113,-37.81838457991003],[144.96343776048516,-37.81838225281934],[144.96343485062937,-37.81837904837514],[144.9634318451647,-37.818375933295854],[144.96342760019365,-37.81837360783492],[144.96342421509738,-37.81837066552297],[144.9634214950463,-37.81836737514506],[144.9634174399045,-37.818364962849685],[144.96341624743786,-37.818364041048554],[144.96341376692038,-37.81836228591048],[144.96341114606574,-37.81835881701307],[144.9634073763623,-37.81835622851829],[144.96340351105002,-37.818353729388335],[144.96340088658485,-37.81835035054578],[144.96339730918646,-37.81834758514188],[144.96339315846214,-37.81834526130993],[144.9633904408892,-37.81834188085666],[144.9633873412086,-37.81833876324542],[144.96338338278935,-37.81833626250436],[144.96338085504559,-37.81833279521685],[144.9633795717601,-37.818328358161885],[144.96337809864633,-37.81832400794098],[144.96337519374708,-37.818320623346004],[144.96337132596184,-37.81831821428978],[144.96336851528235,-37.81831483222553],[144.96336570215198,-37.818311539335184],[144.9633617401236,-37.81830912864852],[144.96335902502923,-37.818305658119876],[144.96335764616106,-37.81830130952892],[144.96335626976895,-37.818296870863236],[144.9633538401127,-37.818293224135545],[144.96335026021816,-37.81829054970578],[144.96334802645316,-37.818286636914934],[144.9633472184113,-37.8182819377275],[144.9633467018693,-37.81827688311212],[144.96334589991483,-37.818272003794895],[144.96334442680407,-37.81826765357363],[144.96334113479955,-37.81826471377075],[144.96333832164748,-37.81826142178054],[144.96333723066974,-37.81825680781652],[144.96333671412856,-37.81825175320108],[144.9633365810602,-37.818246344748616],[144.96333645160314,-37.81824084624107],[144.96333798137107,-37.81818519178249],[144.96333831972655,-37.818179701366844],[144.9633385649736,-37.818174209340654],[144.96333899148553,-37.81816890068496],[144.96333987949313,-37.81816387126567],[144.96334149599147,-37.81815957448646],[144.96334485465383,-37.81815665870387],[144.96334794025827,-37.81815346874656],[144.96334937683136,-37.8181488985024],[144.9633500775106,-37.818143864941575],[144.9633505064973,-37.81813846621105],[144.96335093411878,-37.81813315847565],[144.96335126999702,-37.818127758134594],[144.96335178714006,-37.81812254116398],[144.96335267021917,-37.818117690993205],[144.96335464904044,-37.81811385106863],[144.9633579952962,-37.818111386559856],[144.96335985627513,-37.81810844487099],[144.9633593882762,-37.818105013210804],[144.96335683085562,-37.81810262591865],[144.96335474978568,-37.81809997741455],[144.96335502871906,-37.818096648791744],[144.96335734760652,-37.8180940754936],[144.96335993950177,-37.81809177817147],[144.96336040578677,-37.81808845278931],[144.96335879750563,-37.81808563132699],[144.96335595712497,-37.81808333015909],[144.96335520123864,-37.818080163871805],[144.96335659574518,-37.818077123996765],[144.96335946675958,-37.81807492162016],[144.96336085879,-37.818071971819755],[144.9633601078552,-37.818068625383084],[144.96335708755075,-37.818066050750446],[144.96335464799816,-37.818062764321674],[144.96335364631375,-37.818058332137284],[144.96335303302794,-37.818053366867076],[144.96335242090245,-37.818048400715746],[144.96335123568267,-37.81804378512159],[144.9633486148416,-37.818040316223005],[144.96334522728736,-37.818037463983856],[144.96334346876898,-37.818033289060764],[144.963343396808,-37.81803247675822],[144.96334266320528,-37.81802849979847],[144.96334214666462,-37.818023445182924],[144.96334124799293,-37.818018654310116],[144.96333948699933,-37.81801456946168],[144.9633360051782,-37.818011716492855],[144.96333348105838,-37.81800815914945],[144.96333229584033,-37.81800354355513],[144.96333177682465,-37.817998579014244],[144.96333116356539,-37.817993612843175],[144.9633298827637,-37.817989085712995],[144.9633271663415,-37.81798570527818],[144.96332378126635,-37.81798276296378],[144.9633222089666,-37.81797859126148],[144.96332150012412,-37.81797371355453],[144.96332089045228,-37.8179686582291],[144.96331999178247,-37.817963867356156],[144.96331794424432,-37.817959957785945],[144.9633143668673,-37.81795719237999],[144.96331193585837,-37.81795363664669],[144.96331055833903,-37.81794919796087],[144.96330927619886,-37.81794476092485],[144.9633069407745,-37.81794111672731],[144.96330307685193,-37.817938526599534],[144.96330074390397,-37.81793479232719],[144.96329946176456,-37.81793035529106],[144.9632982715979,-37.81792591984585],[144.96329546341175,-37.817922447705456],[144.96329169373405,-37.81791985920754],[144.9632895506146,-37.81791603810104],[144.9632881742327,-37.81791159943462],[144.96328650635235,-37.81790751619605],[144.96328283337033,-37.8179048401541],[144.96327753630666,-37.81790330664569],[144.96327242545922,-37.81790177635819],[144.963268752478,-37.81789910031584],[144.96326689724754,-37.81789501383621],[144.96326513626073,-37.817890928986785],[144.96326222754166,-37.8178877254592],[144.96325702358763,-37.8178861935605],[144.96325095978852,-37.8178852776106],[144.96324441579898,-37.81788480394169],[144.96323787180958,-37.817884330272406],[144.9632316107556,-37.81788377137949],[144.96322602083055,-37.817882684291654],[144.96322482094592,-37.81788203271292],[144.96322214700996,-37.81788045446019],[144.9632190261819,-37.817878148437785],[144.96321473175058,-37.817877623563355],[144.96321104546232,-37.81787882054068],[144.96320817442677,-37.817881023814586],[144.96320412579067,-37.81788176483714],[144.96320031268556,-37.81788079770074],[144.9631976610343,-37.81787840877513],[144.9631939484407,-37.81787717392578],[144.96318981412483,-37.81787764311311],[144.96318971740538,-37.81787773155754],[144.96318685134605,-37.81787975378074],[144.96318343919927,-37.81788122675326],[144.9631790455726,-37.81788088039664],[144.96317572999115,-37.81787884045554],[144.96317223580243,-37.81787643785572],[144.963166923887,-37.81787544479066],[144.9631608488453,-37.81787497922934],[144.96315447869304,-37.817874959150274],[144.9631485626306,-37.81787548763136],[144.96314374096343,-37.81787711645454],[144.96314019993213,-37.81787984794051],[144.96313556313984,-37.81788157007903],[144.96312945232185,-37.817882364641484],[144.963123070924,-37.81788279495385],[144.96311696503324,-37.817883410267015],[144.96311168432317,-37.81788467067761],[144.96310795593894,-37.817887398921535],[144.96310450667318,-37.81789022211142],[144.96310014291043,-37.817892219324364],[144.9630965994007,-37.817895040883656],[144.96309378927936,-37.81789841673641],[144.96308979033896,-37.81790077982912],[144.96308652233552,-37.81790378638928],[144.96308472095353,-37.81790798984913],[144.96308319507847,-37.81791237831013],[144.96308093578972,-37.8179162133782],[144.96307702497884,-37.817918759131295],[144.96307421849207,-37.817922044027725],[144.96307259837258,-37.81792643085819],[144.96307097938836,-37.81793081770828],[144.96306826105652,-37.81793428436466],[144.96306426456476,-37.81793655828246],[144.96306108832601,-37.81793965654692],[144.9630582782261,-37.81794303149796],[144.96305427678115,-37.81794548556479],[144.96305147029233,-37.81794877046061],[144.96305003257004,-37.817953340681214],[144.96304969270636,-37.817955496721225],[144.96304933053213,-37.81795846433422],[144.96304899463325,-37.81796386467395],[144.96304875186712,-37.817969265723676],[144.96304860084354,-37.81797475937922],[144.9630485440634,-37.817980254665166],[144.9630486784519,-37.81798557302324],[144.96304909938803,-37.817990716103466],[144.96305038017246,-37.817995243236204],[144.96305328888613,-37.81799844676881],[144.96305629431984,-37.81800156185706],[144.96305776493276,-37.81800600215618],[144.96305837817366,-37.81801096832814],[144.96305870239073,-37.81801619985263],[144.96305893102348,-37.81802151984107],[144.96305944756955,-37.81802657355656],[144.96306054100333,-37.818031097448056],[144.96306335163348,-37.81803448041983],[144.96306664361683,-37.81803742022999],[144.9630682122915,-37.81804168199034],[144.96306892111764,-37.818046559698296],[144.96306953188335,-37.81805161594489],[144.96307043053767,-37.818056406819245],[144.96307229071314,-37.818060313152266],[144.96307595874237,-37.818063169350104],[144.9630781974389,-37.81806690199627],[144.9630790960939,-37.818071692870554],[144.963079421448,-37.818076924414655],[144.96307946273035,-37.818082241161946],[144.96307968775295,-37.81808765120538],[144.96307972903526,-37.818092967952644],[144.96308005441418,-37.81809819859597],[144.96308104865403,-37.8181029010063],[144.96308348076693,-37.81810645766447],[144.96308695897068,-37.81810940069561],[144.96308862684393,-37.8181134839367],[144.96308933319574,-37.818118451719215],[144.96308965989127,-37.81812359316891],[144.96308998163454,-37.818128914768],[144.96309040259865,-37.81813405694734],[144.96309130373123,-37.81813875774685],[144.96309363667444,-37.818142492023135],[144.96309702422332,-37.81814534426934],[144.96309897503437,-37.818149342287384],[144.96309959075495,-37.81815421838444],[144.96309991249896,-37.818159539983526],[144.96309985822282,-37.81816494429399],[144.96310008572306,-37.81817026426269],[144.96310021877426,-37.81817567271498],[144.96310073529895,-37.81818072733103],[144.9631019193693,-37.8181853429076],[144.96310482922786,-37.81818854645874],[144.96310793139114,-37.81819157310154],[144.96310930776656,-37.81819601176971],[144.9631099185358,-37.81820106801607],[144.96311005292836,-37.81820638637404],[144.9631099950164,-37.81821188164028],[144.96311003134826,-37.818217378536886],[144.96310997707263,-37.81822278284734],[144.9631100158806,-37.818228189669256],[144.96311024699318,-37.818233419582846],[144.96311133300412,-37.81823821369797],[144.96311357170737,-37.818241946343534],[144.96311705487074,-37.81824470922456],[144.96311891007593,-37.81824879660707],[144.96311961893156,-37.81825367341396],[144.96311984756863,-37.818258993402225],[144.96311988637726,-37.81826440022413],[144.96311982846578,-37.818269895490346],[144.9631197692136,-37.81827548085092],[144.96311952397443,-37.81828097197532],[144.96311927984593,-37.81828646402013],[144.96311894394952,-37.818291864359864],[144.96311824077665,-37.81829698799343],[144.96311793062668,-37.818298063137206],[144.9631170796948,-37.81830174323531],[144.96311436135068,-37.81830520989223],[144.96311082029715,-37.81830794137653],[144.96310883402927,-37.81831205152045],[144.96310785782288,-37.818316900078],[144.96310724641674,-37.818322115416485],[144.96310672811902,-37.81832733236565],[144.96310593183628,-37.81833245438833],[144.96310486386156,-37.81833721124077],[144.9631023279157,-37.81834086128782],[144.96309878933613,-37.81834350269697],[144.9630964333138,-37.81834742620904],[144.96309536894987,-37.818352093006304],[144.96309448089812,-37.81835712332379],[144.96309350469008,-37.81836197188114],[144.9630916090521,-37.818366173710096],[144.96308806799476,-37.81836890519357],[144.96308498482142,-37.81837200596941],[144.96308327519458,-37.818376301133654],[144.96308174930854,-37.81838068959403],[144.96307930399237,-37.81838443132592],[144.96307530254833,-37.818386884491865],[144.9630719463411,-37.81838971019138],[144.96306922799147,-37.81839317684707],[144.96306531717903,-37.81839572169808],[144.96306186786236,-37.81839854578652],[144.96305997469779,-37.81840265754016],[144.96305844880976,-37.81840704600018],[144.96305637076827,-37.8184110644379],[144.96305273907507,-37.81841370423474],[144.96304983832337,-37.81841698749935],[144.96304858660253,-37.818421651054855],[144.96304779031448,-37.81842677307691],[144.9630474544118,-37.818432173416156],[144.96304711603278,-37.8184376638301],[144.96304696750755,-37.818443066509765],[144.96304662912843,-37.8184485569237],[144.96304619898132,-37.818453955632506],[144.96304549941308,-37.818458989210235],[144.96304406167906,-37.8184635594301],[144.96304097966006,-37.818466659323484],[144.9630374361197,-37.81846948087988],[144.9630354487076,-37.81847359100257],[144.96303392281646,-37.81847797946214],[144.96303184588223,-37.818481998819664],[144.96302821304909,-37.818484638595955],[144.96302448824244,-37.818487276780964],[144.9630218629708,-37.81849074594687],[144.96301832190483,-37.81849347742793],[144.96301450532945,-37.81849602390747],[144.96301215177382,-37.818499857342786],[144.9630106258807,-37.81850424580198],[144.96300863957686,-37.818508356844525],[144.9630051009858,-37.81851099825048],[144.96300129317885,-37.81851318441115],[144.96299849654557,-37.81851610990675],[144.9629956552189,-37.81851723137741],[144.96299489703713,-37.81851757873069],[144.96299078876368,-37.818517057969494],[144.9629879558327,-37.81851448566795],[144.96298494047676,-37.81851173087643],[144.96298088041428,-37.818509497814844],[144.9629784469284,-37.818506032149614],[144.9629769713591,-37.81850177199907],[144.9629752078992,-37.81849777722043],[144.9629719060194,-37.81849519680542],[144.96296677643852,-37.81849438802165],[144.9629615229468,-37.81849465670182],[144.96295744703488,-37.81849638853626],[144.96295519267326,-37.8185000434515],[144.96295320886762,-37.81850406351761],[144.96295049295975,-37.81850744099626],[144.96294567374798,-37.8185089788344],[144.96293976011003,-37.81850941722877],[144.96293338990384,-37.81850939713619],[144.9629275071181,-37.81850875465343],[144.9629227758961,-37.818507050683316],[144.96291986603376,-37.81850384712767],[144.96291628975754,-37.818501082629936],[144.96291232775934,-37.81849867102756],[144.96291027775314,-37.8184948515255],[144.96290880827627,-37.81849041124451],[144.96290723846707,-37.81848614946269],[144.96290404319174,-37.81848312120374],[144.96290027102424,-37.81848062276777],[144.9628977469108,-37.81847706541541],[144.96289455163628,-37.818474037156236],[144.96289077946955,-37.81847153871997],[144.96288844900363,-37.818467714365184],[144.96288707150174,-37.81846327567523],[144.96288559955036,-37.818458925468654],[144.9628826896915,-37.81845572191217],[144.96287911228345,-37.81845295739375],[144.9628772557461,-37.818448960102145],[144.96287588072164,-37.818444431337376],[144.96287440515934,-37.81844017118571],[144.96287139971653,-37.81843705609276],[144.96286811133612,-37.81843402622199],[144.96286663577442,-37.81842976607025],[144.96286573960637,-37.818424885120194],[144.96286512389983,-37.81842000902252],[144.9628638406442,-37.81841557196286],[144.96286111432315,-37.81841255181639],[144.96285636577352,-37.81841147836651],[144.9628513070449,-37.81841148096015],[144.96284714548082,-37.81841294005517],[144.96284536385886,-37.81841642381358],[144.96284487278317,-37.81842064993957],[144.96284570060604,-37.818424628532064],[144.9628483412477,-37.81842737684394],[144.96285079698853,-37.81843003274033],[144.9628509845038,-37.818433459549325],[144.96284903536534,-37.81843621856814],[144.96284616429705,-37.81843842183208],[144.9628457004626,-37.8184416571366],[144.9628473980469,-37.81844465948464],[144.96285098781095,-37.818446974531376],[144.96285361854765,-37.818450083141855],[144.96285624185515,-37.81845346197628],[144.96286001401975,-37.81845596041362],[144.96286263485126,-37.818459429322594],[144.96286372580167,-37.81846404329012],[144.9628641467261,-37.81846918637033],[144.96286437782126,-37.81847441628371],[144.96286488940277,-37.81847965014877],[144.96286540838898,-37.81848461469054],[144.96286707378093,-37.81848878800909],[144.96287045885953,-37.818491730336525],[144.96287289481626,-37.81849510592916],[144.96287398576774,-37.81849971989661],[144.96287403941648,-37.818504586269825],[144.96287353843576,-37.818509172694576],[144.96287230403735,-37.81851320572504],[144.96287182879325,-37.818513467855205],[144.96286925306782,-37.81851513462321],[144.96286532833108,-37.81851479726814],[144.96286238877803,-37.818512673706486],[144.96285878662812,-37.81851080903342],[144.96285346721817,-37.81851008707788],[144.96284802998417,-37.818510262456435],[144.96284321208654,-37.818511711096754],[144.96284004076608,-37.81851462920462],[144.9628365046207,-37.818517181431375],[144.96283241139392,-37.81851954288333],[144.96282987542827,-37.81852319292381],[144.96282816823467,-37.81852739890981],[144.9628260901772,-37.81853141734292],[144.9628221818258,-37.8185338721107],[144.96281690467643,-37.81853504245144],[144.9628115346485,-37.818536120166264],[144.96280726756032,-37.81853802892275],[144.96280419925228,-37.81854058834186],[144.9627999582703,-37.81854150625703],[144.96279596026102,-37.81854044579053],[144.96279284323757,-37.818537959587665],[144.96278839856745,-37.81853608033508],[144.9627825195741,-37.81853525857681],[144.9627759755315,-37.81853478488032],[144.96276923918285,-37.818534488091174],[144.96276231300465,-37.81853427813466],[144.96272018015316,-37.818533549129576],[144.96271325397532,-37.81853333917018],[144.9627064209063,-37.81853313082142],[144.96269949720522,-37.818532830786566],[144.9626929531636,-37.81853235708547],[144.96268688684358,-37.81853153117998],[144.96268235402135,-37.81852947016308],[144.96267896644736,-37.818526618805805],[144.96267395476866,-37.818524909972986],[144.96266788594806,-37.81852417504194],[144.96266134438417,-37.818523611264446],[144.96265470475825,-37.818523226024865],[144.96264825630334,-37.818522663857735],[144.9626422867057,-37.81852174950605],[144.96263794007808,-37.818519692610415],[144.96263465420552,-37.818516571757954],[144.96263088202105,-37.81851407421432],[144.96262692003194,-37.81851166260262],[144.96262420496578,-37.81850819205793],[144.96262091411597,-37.81850525225515],[144.9626170488486,-37.81850275219926],[144.96261624097835,-37.81850147747612],[144.96261471591936,-37.81849901791412],[144.96261324284805,-37.81849466768497],[144.962611481885,-37.818490582826776],[144.9626078077649,-37.818487906744245],[144.96260260491965,-37.81848637483555],[144.96259759076875,-37.81848475607425],[144.96259420320007,-37.81848190471469],[144.96259282685125,-37.818477466041415],[144.96259221363923,-37.8184724998682],[144.96259169962505,-37.81846735517644],[144.96259127871954,-37.818462212095795],[144.96259056992227,-37.8184573343861],[144.96258861665487,-37.818453426435],[144.9625842749864,-37.818451189388206],[144.96257906966738,-37.818449747553224],[144.96257396127538,-37.81844812716021],[144.9625703838797,-37.81844536263272],[144.96256757075622,-37.818442070625],[144.96256360743163,-37.81843974910562],[144.96256116540187,-37.81843655363668],[144.9625604417457,-37.818432216374774],[144.9625607479618,-37.818427896933855],[144.96256243894072,-37.81842432239506],[144.96256559047788,-37.81842212399137],[144.96256698252185,-37.81841917510236],[144.96256584948452,-37.81841609240181],[144.9625618688235,-37.81841440140503],[144.96255675300378,-37.818413051235304],[144.96255183060137,-37.818411525078425],[144.96254844058566,-37.81840876289155],[144.96254534204957,-37.81840564617952],[144.96254099793313,-37.81840349830514],[144.96253761037028,-37.81840064694408],[144.9625347997268,-37.81839726486096],[144.962530837747,-37.81839485324625],[144.96252716477002,-37.818392177181046],[144.96252444723586,-37.818388796708895],[144.96252077428417,-37.81838611974274],[144.9625168122807,-37.818383709028325],[144.96251400166355,-37.81838032604401],[144.9625106141028,-37.81837747468222],[144.96250627244117,-37.81837523763273],[144.96250317145612,-37.81837221009356],[144.96249968965213,-37.81836935710063],[144.9624944843406,-37.8183679152621],[144.9624889888665,-37.81836673875473],[144.96248416071262,-37.818365214225985],[144.9624810462088,-37.8183626370399],[144.96247781132564,-37.81836104996449],[144.96247377008774,-37.818361520736936],[144.96247144375553,-37.81836436333963],[144.962470386783,-37.81836875990612],[144.96246996650248,-37.818373798313075],[144.96246954240348,-37.818379016889004],[144.962469486945,-37.81838442117801],[144.96246952570579,-37.81838982799865],[144.96246994907952,-37.81839488100487],[144.96247113311313,-37.818399496586565],[144.9624740404747,-37.81840279022734],[144.96247742801035,-37.818405642490916],[144.96247899913453,-37.81840981418346],[144.96248028236678,-37.818414251246644],[144.96248176285962,-37.81841833125328],[144.96248486995972,-37.818421177762616],[144.9624874187956,-37.818423835277436],[144.962487606294,-37.81842726208651],[144.9624856596194,-37.81842993102427],[144.96248287917265,-37.818432225964926],[144.96248222662825,-37.81843554811978],[144.96248373323232,-37.818438637285546],[144.96248694084798,-37.81844121608284],[144.96248871036929,-37.81844503073838],[144.9624894216367,-37.81844981837386],[144.96248965270533,-37.81845504828723],[144.96248978460082,-37.818460455818325],[144.96248972911872,-37.81846586100807],[144.96248995771046,-37.818471180996106],[144.9624904717176,-37.81847632568809],[144.96249043966327,-37.8184809202256],[144.96251305622164,-37.81853050584644],[144.96259486929532,-37.818709776579226],[144.96271427406558,-37.81896637328871],[144.9628606363603,-37.81892394605091],[144.96305572178673,-37.81886740564133],[144.96327979529576,-37.81880253572749],[144.9632798884049,-37.8188025373381],[144.96328109325654,-37.81880300876723],[144.96328659754545,-37.818803824920394],[144.96329286610535,-37.81880411358844],[144.9632990528006,-37.818803950252466],[144.96330469094985,-37.818803326839905],[144.96330877066313,-37.81880141572549],[144.96331192467156,-37.81879912722707],[144.96331625000374,-37.81879857122273],[144.9633199650962,-37.81879971689547],[144.9633226181484,-37.81880201482394],[144.96332652802272,-37.81880289351317],[144.9633304885265,-37.81880197162872],[144.96333337197518,-37.81879931797961],[144.96333709183563,-37.81879685993448],[144.96334126942853,-37.818794859493295],[144.96334425834047,-37.8187917579817],[144.96334770764096,-37.81878893478612],[144.96335188523312,-37.81878693434455],[144.96335532710543,-37.81878438137283],[144.9633583904785,-37.81878200118786],[144.96336252732024,-37.818781441921416],[144.96336605258304,-37.81878267442669],[144.9633688941006,-37.81878497651526],[144.96337289958436,-37.818785765838],[144.96337695319582,-37.818784845562476],[144.96338011215326,-37.81878237691274],[144.96338456027883,-37.81878074252072],[144.96339038216814,-37.81878021239971],[144.9633966581543,-37.818780230838094],[144.9634029217612,-37.81878069964963],[144.96340822881777,-37.81878187195454],[144.9634119042976,-37.81878445881961],[144.96341509960675,-37.818787487065585],[144.96341934705163,-37.81878972335351],[144.9634227371425,-37.81879248461581],[144.9634255478417,-37.81879586667911],[144.96342951234865,-37.8187981881903],[144.96343319528222,-37.81880050392989],[144.96343602194773,-37.818803346465124],[144.9634397296398,-37.81880476145749],[144.96344396072695,-37.818804203818324],[144.96344721029166,-37.81880182775269],[144.96345110873472,-37.818799733262885],[144.96345656943208,-37.81879874630361],[144.96346212323843,-37.81879776095453],[144.96346694743582,-37.8187960420454],[144.96347021298953,-37.8187931255505],[144.96347457924807,-37.818791039151414],[144.9634803204074,-37.818790057042],[144.96348587916435,-37.818788891542376],[144.96349033853136,-37.81878680675312],[144.96349332859714,-37.81878370435645],[144.96349741820768,-37.81878143293649],[144.96350160074704,-37.81877925234004],[144.9635047770055,-37.818776154064636],[144.96350896085985,-37.81877388427432],[144.9635144253706,-37.81877271714323],[144.96351998278556,-37.818771641736284],[144.9635247151863,-37.81876983202067],[144.96352807748164,-37.81876682617864],[144.96353243878573,-37.81876491992674],[144.96353827305146,-37.8187639394248],[144.96354373622086,-37.81876286238666],[144.96354828735366,-37.818760869299844],[144.96355173666993,-37.818758045197285],[144.9635566526069,-37.81875641888979],[144.963562761043,-37.818755713481174],[144.96356904940572,-37.81875528153675],[144.96357515670616,-37.818754576107835],[144.96358043992288,-37.818753226504214],[144.96358370549504,-37.81875030910522],[144.96358715478473,-37.81874748590228],[144.9635913386598,-37.81874521520816],[144.96359396389013,-37.818741746929945],[144.96359567710817,-37.81873736170284],[144.96359729360586,-37.81873306492046],[144.9636001943469,-37.818729781642155],[144.96360410404924,-37.81872723585307],[144.9636063619979,-37.81872349086976],[144.96360807273916,-37.818719195717144],[144.96361005899163,-37.81871508556458],[144.96361396732797,-37.81871263077024],[144.96361933872367,-37.81871146202375],[144.96362489747276,-37.81871029651731],[144.9636290763687,-37.81870820687192],[144.9636325317413,-37.81870520353775],[144.9636373559289,-37.81870348462131],[144.96364290972605,-37.818702499263416],[144.96364837041406,-37.81870151229496],[144.96365226884632,-37.818699417798136],[144.96365542529082,-37.818697040116085],[144.9636596601861,-37.81869630229987],[144.96366346954855,-37.81869744869095],[144.9636661225835,-37.81869974751269],[144.96366984623901,-37.81870062296989],[144.9636739880253,-37.818699883542855],[144.9636770587867,-37.81869723402578],[144.96368049819313,-37.81869477021803],[144.9636847688557,-37.81869277227522],[144.96368794265211,-37.818689763168464],[144.963691210668,-37.8186867565923],[144.9636955744636,-37.81868475935858],[144.96369920862404,-37.81868202946704],[144.9637011231065,-37.81868053057885],[144.96370121982642,-37.818680442134024],[144.96371198486497,-37.8186772948609],[144.96371245515635,-37.81867721287673],[144.96373549396017,-37.81867058394935],[144.96373549643562,-37.81867049387464],[144.96375702519106,-37.81866428851451],[144.96375932332413,-37.81866586025628],[144.963763435403,-37.81866620172267],[144.9637671341246,-37.81866455345469],[144.9637699293696,-37.81866171893531],[144.9637741989172,-37.818659720068744],[144.96377562575393,-37.818658934587525],[144.96377581558278,-37.81865884775282],[144.96380386095893,-37.81865068327867],[144.96388534917284,-37.81862713441737],[144.96392869202006,-37.81861454923792],[144.96393785025347,-37.81861191486347],[144.96393941496214,-37.81861293321387],[144.9639423545759,-37.81861505584883],[144.96394655728687,-37.81861548899361],[144.96395015299248,-37.818614199408536],[144.96395302401146,-37.81861199701773],[144.963957071546,-37.8186112559508],[144.9639607927258,-37.81861222147352],[144.9639635364259,-37.818614611072796],[144.96396725018053,-37.81861584681952],[144.9639715768378,-37.81861520069625],[144.96397454591542,-37.818612819765484],[144.96397853746782,-37.81861072596672],[144.96398400059562,-37.81860964980837],[144.96398973926003,-37.818608757748216],[144.96399456343363,-37.81860703881668],[144.96399773471416,-37.818604120676554],[144.96400219521652,-37.818602034986],[144.96400775145227,-37.81860096043655],[144.96401330276248,-37.81860006513554],[144.96401765911946,-37.818598338113674],[144.96402082297348,-37.818595690197114],[144.9640246966641,-37.81859449553409],[144.9640288930848,-37.81859519891974],[144.96403173598105,-37.81859740999766],[144.96403516071317,-37.81859891109718],[144.96403966482205,-37.818598628509946],[144.96404281382505,-37.818596521041215],[144.96404671474087,-37.81859433555533],[144.9640520811719,-37.818593346938115],[144.96405827772503,-37.81859282416345],[144.9640645660722,-37.81859239219204],[144.9640703989789,-37.81859150175749],[144.96407495011243,-37.81858950774883],[144.9640781238641,-37.81858649953166],[144.96408230769086,-37.818584229720095],[144.96408658217598,-37.81858205069229],[144.964089665293,-37.818578950790105],[144.9640938491437,-37.818576680077335],[144.9640993147425,-37.818575513838766],[144.96410496410869,-37.81857443999381],[144.96410932902253,-37.81857244276386],[144.9641124110027,-37.818569342841386],[144.96411641108463,-37.81856697973391],[144.96412077733723,-37.818564892409135],[144.9641238593166,-37.81856179248634],[144.96412795500632,-37.818559340012875],[144.96413342060336,-37.81855817377268],[144.9641390699678,-37.81855709992601],[144.9641436186226,-37.8185551959893],[144.96414670173604,-37.818552096085504],[144.96414870189042,-37.81855086902378],[144.96418297952013,-37.818540920650044],[144.96418822561336,-37.81854092123881],[144.96424440318435,-37.818541892548815],[144.96425142742993,-37.81854192387857],[144.96425826545777,-37.81854195198828],[144.96426510482496,-37.8185418900032],[144.96427157804553,-37.81854155133458],[144.96427750158026,-37.81854075257415],[144.9642817735579,-37.81853866451452],[144.96428531708077,-37.818535842018676],[144.9642904153918,-37.81853439906833],[144.96429606341323,-37.81853341530841],[144.96430143726118,-37.818532156455326],[144.96430543867456,-37.818529703246796],[144.96430916212515,-37.81852715421364],[144.96431471835146,-37.818526079649395],[144.96432110227562,-37.818525559199095],[144.9643277554237,-37.81852549399079],[144.96433468655914,-37.818525523705766],[144.96434162016925,-37.818525463345594],[144.9643485513047,-37.81852549305975],[144.9643552975617,-37.818525429459626],[144.96436186141483,-37.8185251824705],[144.9643679673513,-37.81852456709405],[144.96437260908266,-37.818522665658726],[144.96437615012678,-37.818519933234775],[144.96438115914003,-37.81851830850153],[144.96438717444164,-37.8185176014396],[144.96439355341553,-37.81851726113485],[144.9643995675815,-37.81851655405266],[144.96440494142666,-37.81851529519475],[144.96440875909278,-37.818512748688406],[144.96441294043103,-37.81851056893939],[144.96441877219237,-37.818509678467635],[144.96442515477554,-37.81850924810604],[144.964431811736,-37.81850900272264],[144.96443837311304,-37.81850884580397],[144.96444466392634,-37.81850832373723],[144.96445022017429,-37.81850724826571],[144.96445403917755,-37.818504611663464],[144.96445794747578,-37.81850215683989],[144.9644634130888,-37.818500989683315],[144.96446905997024,-37.8185000058953],[144.96447416075006,-37.81849847286205],[144.96447770178938,-37.818495740434905],[144.96448207047786,-37.81849356392226],[144.96448780665386,-37.818492761912154],[144.96449437297846,-37.81849242484076],[144.96450093682853,-37.81849217784377],[144.9645075006786,-37.818491930846434],[144.96451379149013,-37.81849140877595],[144.96451916283257,-37.818490240888245],[144.96452288874852,-37.81848760177327],[144.96452688767798,-37.81848523863169],[144.9645323532888,-37.81848407147184],[144.96453809441246,-37.81848308930969],[144.96454301031116,-37.818481462959774],[144.96454636894296,-37.81847854714212],[144.96455064451973,-37.818476369017255],[144.9645561065197,-37.8184752919114],[144.96456184764241,-37.81847430974806],[144.96456658113576,-37.81847250000882],[144.9645698466575,-37.81846958258085],[144.96457439774608,-37.818467589452965],[144.96458004709814,-37.818466515584745],[144.96458569511114,-37.81846553181066],[144.96459005884606,-37.81846353544339],[144.96459360232916,-37.81846071383855],[144.96459851824997,-37.81845908658549],[144.96460453488405,-37.818458289417826],[144.96461091385234,-37.81845794910112],[144.96461692914738,-37.81845724202723],[144.9646222111903,-37.81845589235599],[144.9646257546966,-37.81845306984937],[144.96462929570353,-37.818450338318165],[144.9646337512311,-37.81844843275238],[144.96463747959052,-37.81844570445959],[144.96464102059667,-37.818442972928],[144.96464639443286,-37.81844171405879],[144.96465277834824,-37.81844119359023],[144.9646594314893,-37.818441128362934],[144.9646662708479,-37.81844106635426],[144.96477853276593,-37.818443006877835],[144.96478536222835,-37.81844330516136],[144.96479209858214,-37.81844360183512],[144.96479845146894,-37.81844425235045],[144.96480394338076,-37.81844551880635],[144.96480771316416,-37.81844810635716],[144.9648116716148,-37.81845060795257],[144.9648173533792,-37.81845178667072],[144.9648237076056,-37.81845234709031],[144.96483044148633,-37.818452733836665],[144.96483708473247,-37.818453028898524],[144.96484391419622,-37.818453327178695],[144.96485064807723,-37.81845371392392],[144.9648568086644,-37.8184545413474],[144.96485745888424,-37.81845473282124],[144.96488984334223,-37.8184488951221],[144.96528524391059,-37.818339591463875],[144.96564227661966,-37.81821863011239],[144.96565185546945,-37.818142662492434],[144.9656108468789,-37.8181419539498],[144.96560392072166,-37.818141744161316],[144.9655971843899,-37.81814144753471],[144.96559054363982,-37.818141062441626],[144.96558438420408,-37.81814023507665],[144.9655795598308,-37.8181385296034],[144.96557763882637,-37.81813687519662],[144.96557617463176,-37.81813558825181],[144.96557183157327,-37.81813344050674],[144.96556624540094,-37.81813217335928],[144.96556065791586,-37.818130995405234],[144.96555621814107,-37.81812893610606],[144.965552928525,-37.81812590628778],[144.9655482008705,-37.81812411236686],[144.9655419471681,-37.81812328427205],[144.96553540066392,-37.81812290080432],[144.96552857122595,-37.81812260256505],[144.96552183242326,-37.818122396008995],[144.96544440142924,-37.81812105806612],[144.96543747527485,-37.81812084826792],[144.96543064222894,-37.81812064007817],[144.96542381279184,-37.81812034183284],[144.96541746106115,-37.8181196913715],[144.96541177686248,-37.81811860185679],[144.96540772166597,-37.818116189628405],[144.96540404748356,-37.8181135127299],[144.9653987478835,-37.81811206939012],[144.96539258595467,-37.818111332990796],[144.96538623422506,-37.81811068252781],[144.96538036020198,-37.81810967984901],[144.9653756314175,-37.81810788590166],[144.96537233552527,-37.81810512632267],[144.96536788833734,-37.81810333724103],[144.9653622799353,-37.81810287985665],[144.96535665288155,-37.818103143090205],[144.96535248888222,-37.81810469325138],[144.965349428098,-37.81810698251558],[144.96534547123792,-37.81810781531541],[144.96534147454938,-37.818106664840485],[144.96533883629695,-37.818103826507254],[144.96533553679743,-37.81810115698244],[144.96533185880702,-37.81809866025104],[144.96533018833549,-37.818094667112995],[144.96532956865641,-37.81808997119263],[144.96532980025273,-37.818084929512416],[144.96533058648518,-37.81808016776927],[144.9653325663398,-37.81807632782809],[144.96533638281662,-37.81807378127027],[144.9653398344826,-37.81807086793805],[144.96534264203748,-37.81806758210381],[144.96534673402712,-37.81806522054173],[144.9653508271767,-37.8180628580984],[144.96535391021968,-37.818059758160715],[144.9653582763842,-37.81805767168871],[144.96536383258675,-37.81805659617265],[144.96536938878916,-37.81805552065633],[144.96537384558792,-37.81805352586749],[144.965377113533,-37.81805051834068],[144.96538193761535,-37.81804880025089],[144.96538767869566,-37.81804781804595],[144.96539314426215,-37.818046650844735],[144.9653974197899,-37.81804447268752],[144.96538342133329,-37.81790610850584],[144.96532349944067,-37.81777541999963],[144.9653189344312,-37.81777453005593],[144.9653148817296,-37.81777202775004],[144.9653111119858,-37.817769439314915],[144.96530552584565,-37.817768172155915],[144.9652992708632,-37.81776743324281],[144.96529263262235,-37.817766958059075],[144.9652858056922,-37.81776656973185],[144.96527954710118,-37.81776592087291],[144.9652737711618,-37.8177647396489],[144.96526981023226,-37.81776232904493],[144.96526604296406,-37.817759650533596],[144.96526055106892,-37.817758385001106],[144.96525420184446,-37.81775764445703],[144.96524756360486,-37.8177571692708],[144.9652408297839,-37.81775678254999],[144.9652344780863,-37.817756132079694],[144.96522870328397,-37.817754950873116],[144.96522464697762,-37.81775253861941],[144.96522097393023,-37.81774986263609],[144.9652152947101,-37.81774859296311],[144.96520903725687,-37.817747944120114],[144.96520220919368,-37.81774755576846],[144.96519537731888,-37.8177473475857],[144.9651883569574,-37.817747136145165],[144.96518143331292,-37.81774683625808],[144.96517460143835,-37.81774662807411],[144.96516796567406,-37.817746062808624],[144.9651620892095,-37.817745150194604],[144.96515746570216,-37.817742998489024],[144.96515398384557,-37.817740144671475],[144.9651487798341,-37.81773861375629],[144.96514271468095,-37.817737787997956],[144.96513617068752,-37.81773731443421],[144.9651293426259,-37.817736926078396],[144.96512289534965,-37.817736364067855],[144.9651168340089,-37.817735358138954],[144.96511248982725,-37.81773321125899],[144.96510910468993,-37.8177302689941],[144.96510437704703,-37.81772847595699],[144.96509860111377,-37.817727294724534],[144.965093205966,-37.8177259398376],[144.96508924885654,-37.817723349058504],[144.96508577058802,-37.817720406084604],[144.96508066084755,-37.81771887589448],[144.96507507474035,-37.81771760782401],[144.96506977517535,-37.817716164470326],[144.96506620019088,-37.81771330994191],[144.96506252715133,-37.81771063395386],[144.96505713334378,-37.817709188970845],[144.96505154837322,-37.817707920918906],[144.96504663224664,-37.81770612462199],[144.96504362676305,-37.817703008681605],[144.9650400517802,-37.81770015415244],[144.96503580434472,-37.817697917923006],[144.96503270572933,-37.81769480127392],[144.9650296084525,-37.81769159453035],[144.9650254577349,-37.81768926985457],[144.96502207257834,-37.817686328488044],[144.96501926070886,-37.81768294644177],[144.96501520309988,-37.81768062337481],[144.9650116281192,-37.817677768844824],[144.96500881738598,-37.817674386817956],[144.96500486030703,-37.81767179513543],[144.96500108921637,-37.81766929768598],[144.96499837406552,-37.81766582719328],[144.96499479663717,-37.81766306183685],[144.96499064723588,-37.817660647966214],[144.96498783405517,-37.817657355112935],[144.9649846387264,-37.817654326908645],[144.96498030063654,-37.81765199989404],[144.96497729402245,-37.81764888393245],[144.9649741978854,-37.81764567720715],[144.96497004601193,-37.817643353410624],[144.96496666088441,-37.817640411141866],[144.9649638501546,-37.81763702911402],[144.96495979502376,-37.81763461597044],[144.96495612446586,-37.817631849904444],[144.96495340684461,-37.81762846948558],[144.964949637121,-37.8176258810394],[144.964945680022,-37.817623290255746],[144.96494296353703,-37.81761990985628],[144.96493938611292,-37.81761714449829],[144.96493523671606,-37.817614730625806],[144.96493242351474,-37.81761143867203],[144.9649291339718,-37.817608407936724],[144.96492488899412,-37.81760608252943],[144.96492179041195,-37.817602964976906],[144.9649188804946,-37.817599761468756],[144.96491463551777,-37.817597436061114],[144.96491134597613,-37.817594405325345],[144.96490863196766,-37.817590934850344],[144.96490476550574,-37.81758843574947],[144.96490147957428,-37.817585314958265],[144.96490000390915,-37.817581054828565],[144.96489853566595,-37.817576524474426],[144.96489629688978,-37.8175727918604],[144.96489243290316,-37.81757020268435],[144.96488933184986,-37.81756717520583],[144.96488661918187,-37.81756361463594],[144.96488284943916,-37.8175610270885],[144.96487965414354,-37.81755799798081],[144.96487808784644,-37.81755364616678],[144.96487671384818,-37.8175491174413],[144.9648746662371,-37.817545207895904],[144.96487118056353,-37.81754253514046],[144.96487108879438,-37.81754244343675],[144.96486856347886,-37.817538886104686],[144.96486755676096,-37.817534634080005],[144.96486747488765,-37.817534182077054],[144.9648668651369,-37.81752912585561],[144.96486615866922,-37.81752415808001],[144.9648649708874,-37.81751963257303],[144.96486187476046,-37.817516425845],[144.96485848964292,-37.817513483573386],[144.96485682415693,-37.81750931027975],[144.9648555457422,-37.817504693088594],[144.96485378714897,-37.817500518185625],[144.96485067504403,-37.81749785188651],[144.96485040200773,-37.81749757681453],[144.96484739898992,-37.81749437169548],[144.96484621120965,-37.81748984618833],[144.96484581514613,-37.817487225933256],[144.96484550474355,-37.817484878412635],[144.96484489499457,-37.817479822191075],[144.9648438064056,-37.817475118163266],[144.96484128109356,-37.81747156083069],[144.96483779926186,-37.8174687070044],[144.96483603819638,-37.817464622176],[144.96483514190666,-37.81745974123677],[144.9648347208228,-37.81745459905976],[144.9648336383182,-37.81744971490187],[144.9648319703609,-37.81744563168274],[144.96482848853074,-37.817442777856186],[144.96482605993745,-37.81743913207748],[144.9648251587006,-37.8174344312878],[144.96482474011628,-37.81742919813521],[144.96482461052258,-37.817423700526206],[144.96482457406117,-37.81741820362576],[144.96482503659914,-37.81740136324085],[144.96482500261158,-37.817395776265606],[144.96482515350036,-37.817390282603434],[144.9648250214574,-37.817384874168454],[144.96482467618864,-37.81738036322358],[144.96482460287316,-37.817379641015826],[144.9648234186805,-37.81737502635405],[144.96482070109906,-37.81737164503166],[144.96481741154628,-37.81736861519429],[144.96481593949923,-37.817364265008486],[144.96481532861745,-37.817359208767144],[144.96481519543963,-37.81735380031252],[144.9648152531968,-37.817348305941756],[144.96481521673584,-37.81734280904128],[144.96481527699171,-37.81733722369495],[144.9648152380567,-37.817331816869256],[144.96481491258066,-37.81732658532592],[144.96481401626886,-37.81732170528728],[144.9648115877047,-37.817318058607576],[144.96480810699185,-37.81731520570096],[144.9648062541625,-37.817311029168366],[144.9648055477003,-37.81730606139243],[144.9648054131846,-37.81730074303219],[144.96480546983153,-37.81729524774105],[144.9648054333464,-37.81728975174128],[144.96480549360277,-37.817284166394934],[144.96480642115654,-37.81725039554989],[144.96480666762722,-37.81724481342217],[144.96480700586653,-37.817239322998226],[144.96480725099852,-37.817233830964945],[144.96480727079052,-37.81723311036651],[144.96480767737222,-37.817228523200676],[144.96480875016704,-37.817223586178734],[144.96481091871183,-37.81721965938975],[144.96481473765905,-37.81721702187222],[144.96481736164046,-37.81721355354302],[144.9648188898715,-37.817209074980866],[144.964820512345,-37.81720459804763],[144.96482322943288,-37.81720113132761],[144.9648269552715,-37.817198492200305],[144.96482921558322,-37.81719465711468],[144.96483037900927,-37.817189811776586],[144.96483126692607,-37.81718478144128],[144.96483233608444,-37.817179935374945],[144.96483441401816,-37.817175916000565],[144.9648380455877,-37.81717327614466],[144.96484177634753,-37.81717045776795],[144.96484449209458,-37.81716708114178],[144.96484859015632,-37.81716453856499],[144.96485249589537,-37.81716217380019],[144.9648553978807,-37.81715879949157],[144.9648591236913,-37.8171561612639],[144.96486340165518,-37.81715389304994],[144.96486639293445,-37.8171507005196],[144.96486993634232,-37.81714787890371],[144.96487439673206,-37.817145793176394],[144.96487775526353,-37.81714287824729],[144.9648812986706,-37.81714005663104],[144.96488667488157,-37.81713870767294],[144.9648921392517,-37.8171375404735],[144.9648972399285,-37.81713600741863],[144.96490069272596,-37.81713309321695],[144.96490423613167,-37.817130271599964],[144.96490869535924,-37.81712818675242],[144.9649119608062,-37.81712526931224],[144.96491513940717,-37.81712208091942],[144.9649194149183,-37.81711990187737],[144.96492218665932,-37.817117877980635],[144.96492304895594,-37.81711717194383],[144.9649260426803,-37.81711389023775],[144.96493031819065,-37.81711171119528],[144.96493431950526,-37.81710925796201],[144.96493749563078,-37.817106159643345],[144.96494222905142,-37.817104348985055],[144.96494824670737,-37.817103551816],[144.9649546280318,-37.81710312140239],[144.96496082692937,-37.8171025085015],[144.9649662006625,-37.81710124961446],[144.96497002073357,-37.81709861211113],[144.96497420444828,-37.8170963422641],[144.96497994545868,-37.81709536007693],[144.96498623501353,-37.81709483795794],[144.96499261992153,-37.817094318387774],[144.96495971193337,-37.81702716626174],[144.96495552708677,-37.81702943608875],[144.96494997343072,-37.81703042151296],[144.96494358963875,-37.81703094200133],[144.96493730142754,-37.81703137402374],[144.96493146981325,-37.817032263624185],[144.96492701190584,-37.81703425927913],[144.96492337787254,-37.81703698921295],[144.96491827717844,-37.81703852316994],[144.96491235871773,-37.817039141816856],[144.96490579004922,-37.817039568990204],[144.9648997785061,-37.81704018512648],[144.96489468028517,-37.81704162900763],[144.96489086137478,-37.817044265627416],[144.9648865883412,-37.81704635459375],[144.96488075422658,-37.817047335167196],[144.96487455912077,-37.81704776879549],[144.96486817535168,-37.817048288378956],[144.96486243681767,-37.81704918048595],[144.96485816244459,-37.81705135954564],[144.96485443663943,-37.81705399777349],[144.9648492466482,-37.81705534994888],[144.96484313949773,-37.81705605544846],[144.9648367570663,-37.817056484935755],[144.96483074549664,-37.81705710196921],[144.96482564727336,-37.81705854584728],[144.96482191899275,-37.81706127414886],[144.9648175528493,-37.81706336150327],[144.9648118167876,-37.81706416353293],[144.9648054330168,-37.817064683112946],[144.96479923657074,-37.81706520683166],[144.96479358619374,-37.81706628069418],[144.96478958732632,-37.817068644748545],[144.96478632056346,-37.81707165137896],[144.96478205249826,-37.81707355929101],[144.96477824345365,-37.817075836508515],[144.96477535767576,-37.81707857937123],[144.9647714890246,-37.81707959391225],[144.96476748003042,-37.817078893793536],[144.96476482946522,-37.81707650582266],[144.9647611169076,-37.81707527012227],[144.96475688840158,-37.81707573773727],[144.96475363782002,-37.81707811382348],[144.96474983124838,-37.817080300965216],[144.9647444649605,-37.81708128871714],[144.96473891129818,-37.817082274131195],[144.96473390123043,-37.81708389976419],[144.9647305451703,-37.81708672461434],[144.96472599414744,-37.81708871865202],[144.9647243017144,-37.817088959750244],[144.9647200718688,-37.81708951745833],[144.96471359880113,-37.81708985525465],[144.9647068502002,-37.81709000895389],[144.9647003795818,-37.81709025757541],[144.96469399578353,-37.81709077805003],[144.96468880939668,-37.817092040163004],[144.96468527340735,-37.81709459154893],[144.96468100531365,-37.817096500357934],[144.96467565384395,-37.817096948558635],[144.96467089163866,-37.81709641565183],[144.96467088669036,-37.81709659580143],[144.96467069686662,-37.817096682637725],[144.96467050704285,-37.817096769474006],[144.96466011831177,-37.81709983322601],[144.9646588912104,-37.8171001724846],[144.96465833029706,-37.81710016278864],[144.96465824100284,-37.81709998100996],[144.96465796302036,-37.81709988608716],[144.9646517876655,-37.81708599405568],[144.9646517975622,-37.817085633756484],[144.96465208296715,-37.817085458454905],[144.96465217968384,-37.817085370009174],[144.964662944451,-37.81708222264043],[144.96466313180056,-37.817082225878934],[144.96466288484677,-37.817080959964194],[144.9646617938,-37.8170763460097],[144.96465945833327,-37.817072701837375],[144.96465559551598,-37.817070112673946],[144.96465259254805,-37.8170669066497],[144.96464977937936,-37.81706361468984],[144.9646458148979,-37.81706129412143],[144.96464223998552,-37.81705843868046],[144.96463942929174,-37.81705505664559],[144.96463804948021,-37.817054131618264],[144.96463556400192,-37.81705255755635],[144.96463188742533,-37.817049970710386],[144.964629266556,-37.817046501839066],[144.96462578586267,-37.81704364892749],[144.96462211176106,-37.817040972006446],[144.96462015841888,-37.81703706408617],[144.96461868886348,-37.81703262382339],[144.96461721322433,-37.81702836369054],[144.96461401793715,-37.81702533547711],[144.96461063285133,-37.81702239319907],[144.96460896738924,-37.81701821990232],[144.96460768652295,-37.8170136927836],[144.96460611282936,-37.817009611190734],[144.96460253789627,-37.8170067566494],[144.9645994382165,-37.81700363906957],[144.96459796618868,-37.81699928888135],[144.9645966828491,-37.8169948518373],[144.96459473198362,-37.81699085384186],[144.96459133945265,-37.81698818268844],[144.96458889985269,-37.81698489718489],[144.96458827280415,-37.816980471485785],[144.96458877005466,-37.8169759751044],[144.96459083809822,-37.8169723160336],[144.96459428097774,-37.81696976304089],[144.96459699559261,-37.81696638640082],[144.96459760959922,-37.816964504545965],[144.96459852383109,-37.81696190784158],[144.96460023447008,-37.81695761267049],[144.96460304332655,-37.816954237659395],[144.96460704085456,-37.8169519637057],[144.9646102194605,-37.8169487753212],[144.964613025842,-37.816945490384605],[144.96461702718213,-37.81694303626137],[144.96461983717276,-37.816939661269416],[144.9646210887661,-37.81693499769253],[144.96462179181822,-37.81692987404554],[144.9646221275945,-37.816924473696986],[144.9646223715779,-37.81691898254531],[144.96462270982826,-37.81691349212196],[144.96462295249754,-37.81690809016393],[144.96462346820007,-37.81690296327834],[144.96462425198746,-37.81689829161475],[144.96462594530405,-37.81689462696677],[144.9646294491458,-37.816893245653965],[144.96463317406298,-37.816894030984244],[144.9646361968168,-37.81689651641047],[144.96464045659033,-37.8168983013782],[144.9646462398737,-37.81689921240683],[144.9646524972493,-37.81689986127765],[144.96465865770537,-37.81690068870791],[144.964663959678,-37.81690204200358],[144.9646677269061,-37.81690471963191],[144.96467092219058,-37.816907747843835],[144.96467536186762,-37.816909807174],[144.9646790348542,-37.816912483172935],[144.96468223011476,-37.81691551228533],[144.9646871450448,-37.81691730857631],[144.96469302143723,-37.8169182212121],[144.96469937305721,-37.81691887170951],[144.9647053436922,-37.816919785973745],[144.96471026109725,-37.81692149218897],[144.96471345635948,-37.81692452130056],[144.96471703624135,-37.81692719568895],[144.96472129104578,-37.81692916170423],[144.96472430640657,-37.81693191645195],[144.9647271541862,-37.81693394826355],[144.96473108985782,-37.81693392617561],[144.96473386904353,-37.81693163115805],[144.96473520002755,-37.81692750965756],[144.9647359862823,-37.81692274791827],[144.96473695988612,-37.81691798941734],[144.9647383900601,-37.8169136893962],[144.96474128078071,-37.81691076638456],[144.9647440673626,-37.81690820204306],[144.96474463165555,-37.8169046972118],[144.96474274781184,-37.81690169167045],[144.9647396357352,-37.81689902536898],[144.9647380595624,-37.81689503385247],[144.9647374437402,-37.8168901577602],[144.96473730922878,-37.81688483939971],[144.964737363405,-37.81687943418317],[144.96473750934942,-37.81687412067043],[144.96473793935905,-37.816868721950264],[144.96473882611707,-37.81686369249659],[144.9647402587638,-37.816859302400545],[144.96474352554344,-37.81685629487035],[144.96474670166535,-37.8168531965566],[144.96474832413438,-37.81684871962401],[144.96474883735365,-37.81684368281237],[144.96474935685947,-37.81683837575665],[144.96474969507506,-37.81683288623333],[144.96475030356345,-37.816810732334694],[144.9647503613479,-37.81680523706286],[144.96475032241617,-37.81679983023684],[144.9647500936615,-37.81679451024726],[144.96474938473241,-37.81678963254562],[144.9647472440406,-37.816785721388946],[144.96474376088034,-37.81678295855576],[144.96474152347287,-37.8167791358448],[144.9647408145444,-37.81677425814313],[144.96474049020975,-37.81676902661896],[144.9647403570365,-37.81676361816392],[144.96474065632097,-37.81675272181453],[144.96474099456125,-37.81674723139041],[144.9647415152021,-37.816741924354275],[144.96474230887605,-37.816736892390296],[144.9647441112691,-37.81673268892041],[144.96474746978606,-37.81672977399443],[144.9647504610275,-37.81672658236721],[144.96475180685053,-37.816721920417415],[144.9647525074169,-37.816716886843956],[144.96475293628862,-37.816711488103934],[144.9647531814211,-37.816705996070354],[144.96475348565107,-37.81669491957116],[144.96475382388994,-37.81668942914691],[144.9647541585193,-37.81668402877787],[144.96475458605198,-37.81667872013223],[144.964755470332,-37.81667378075297],[144.96475736585384,-37.816669577991384],[144.96476100100983,-37.81666684808182],[144.96476408535457,-37.816663658063476],[144.96476561110194,-37.81665926957619],[144.9647671368491,-37.81665488108889],[144.96476948777854,-37.816651137687835],[144.96477330422294,-37.81664859024541],[144.96477611419482,-37.81664521524905],[144.96477773304753,-37.816640828370915],[144.96477935190006,-37.816636441492726],[144.96478206762922,-37.81663306486724],[144.9647861582407,-37.81663079251607],[144.96478924371826,-37.81662760251658],[144.96479214318566,-37.8166243191843],[144.96479623627033,-37.816621956757935],[144.9647993192731,-37.816618856832996],[144.9648010298918,-37.81661456165822],[144.9648026487423,-37.81661017477964],[144.96480527517542,-37.81660661637497],[144.9648093657847,-37.8166043440229],[144.96481254189266,-37.816601245706885],[144.9648153518609,-37.81659787070944],[144.96481935070145,-37.81659550665327],[144.96482261744111,-37.81659250002105],[144.96482423495135,-37.81658820323656],[144.96482585379985,-37.81658381635761],[144.96482829896584,-37.816580074584124],[144.9648321153798,-37.816577528040334],[144.9648347368872,-37.8165741488838],[144.96483644997662,-37.81656976363357],[144.96483797571753,-37.81656537514511],[144.9648406021473,-37.81656181673956],[144.96484441722143,-37.81655936028976],[144.96484695301814,-37.81655571019993],[144.96484847875814,-37.81655132171129],[144.96485009760428,-37.8165469348319],[144.9648530006998,-37.81654356054197],[144.964856817111,-37.816541013997295],[144.96485907492576,-37.816537268984895],[144.96486060313845,-37.81653279042125],[144.96486231261596,-37.81652849522572],[144.96486530500425,-37.81652530271398],[144.96486893901363,-37.81652257278107],[144.9648708320263,-37.81651846099282],[144.96487190119518,-37.81651361402452],[144.9648726948572,-37.81650858205916],[144.9648738569292,-37.81650382681415],[144.964875931206,-37.81649989839393],[144.96487956387531,-37.81649725855509],[144.96488219030056,-37.816493700148406],[144.9648833512362,-37.816488944883645],[144.96488396249669,-37.8164837295304],[144.96488429825038,-37.816478329180114],[144.96488454337157,-37.81647283714575],[144.96488515181179,-37.81645068324389],[144.96488520842453,-37.81644518885251],[144.96488507637568,-37.816439780416694],[144.96488465531567,-37.81643463733835],[144.96488356426264,-37.816430023385315],[144.9648808478218,-37.816426642985114],[144.96487746027748,-37.81642379078973],[144.96487560499034,-37.816419704333015],[144.96487422853625,-37.81641526568215],[144.9648725630712,-37.81641109238871],[144.96486917550314,-37.81640824109388],[144.96486540831665,-37.816405562571546],[144.9648628805638,-37.81640209531468],[144.96485930564864,-37.81639924078142],[144.9648553423551,-37.81639691933953],[144.9648524349596,-37.816393625755765],[144.96484923968868,-37.816390597548946],[144.96484508543875,-37.81638836292372],[144.96484189016837,-37.81638533471672],[144.9648390770155,-37.81638204276154],[144.96483492524027,-37.8163797180612],[144.96483135146275,-37.816376863546765],[144.96482863389076,-37.81637348312584],[144.96482476751805,-37.81637098312302],[144.96482099897185,-37.81636839559454],[144.96481828142538,-37.81636501427263],[144.96481460845976,-37.81636233827846],[144.96481045418776,-37.81636010455284],[144.96480745124032,-37.8163568985328],[144.96480368156,-37.81635431098419],[144.9647983820972,-37.816352867620935],[144.96479279362345,-37.816351689614706],[144.96478797296913,-37.81634989495793],[144.96478468348593,-37.81634686421976],[144.9647801507078,-37.81634480418585],[144.964774461707,-37.81634389479388],[144.96476791670415,-37.81634342119355],[144.96476126983478,-37.81634330630241],[144.96475471112365,-37.81634337316988],[144.96474842297033,-37.816343805183905],[144.9647431399216,-37.81634515574678],[144.96473950839078,-37.81634779560119],[144.96473514228813,-37.81634988295392],[144.96472940383202,-37.81635077415529],[144.96472311320397,-37.81635129624276],[144.96471682257587,-37.816351818329885],[144.9647110791466,-37.81635289058072],[144.964707082815,-37.81635516365804],[144.9647039091631,-37.816358172797464],[144.96469954060956,-37.8163603493229],[144.96469572667687,-37.81636280578783],[144.9646928235818,-37.81636618007397],[144.96468891540698,-37.81636863490966],[144.96468491657504,-37.81637099896172],[144.96468210661007,-37.816374373956236],[144.96467865747528,-37.81637719719671],[144.96467456440095,-37.816379559619364],[144.96467230771765,-37.81638330464783],[144.96467059462347,-37.816387689895635],[144.96466888647723,-37.81639189499381],[144.9646655279732,-37.81639480991805],[144.9646615291391,-37.81639717396926],[144.96465871917206,-37.816400548963145],[144.96465536314136,-37.81640337381225],[144.964650994559,-37.816405551236514],[144.96464781845327,-37.81640864954832],[144.9646463768003,-37.81640997639152],[144.96464455057972,-37.81641165615617],[144.96464027871238,-37.81641374513424],[144.9646368284387,-37.816416568353745],[144.9646338347315,-37.816419850053265],[144.96462974412754,-37.81642212239942],[144.96462592771516,-37.81642466893674],[144.96462302711336,-37.81642795224542],[144.964619025802,-37.816430406369875],[144.96461484458968,-37.81643258613049],[144.96461175908857,-37.816435777026236],[144.96460757540157,-37.816438046861386],[144.96460210994422,-37.81643921402949],[144.9645966480963,-37.81644029114214],[144.96459209713532,-37.81644228427515],[144.96458910476383,-37.816445475879],[144.96458538256584,-37.81644802494477],[144.9645812870352,-37.81645047653799],[144.96457902673532,-37.81645431161961],[144.96457731858223,-37.81645851671621],[144.96457496762508,-37.81646226101417],[144.96457051090385,-37.8164642557754],[144.96456449690666,-37.81646496287142],[144.9645579296269,-37.81646529993237],[144.9645511835573,-37.81646536354952],[144.9645442526139,-37.81646533385282],[144.9644740323207,-37.81646411994122],[144.96446719314508,-37.816464181943985],[144.96446035644382,-37.81646415387158],[144.96445379163828,-37.81646440085191],[144.9644476845587,-37.8164651054316],[144.96444304180034,-37.8164670077554],[144.96443950088494,-37.81646973928439],[144.96443440269573,-37.8164711831466],[144.9644282038234,-37.816471796921974],[144.96442154952072,-37.816471952235716],[144.96441480097636,-37.81647210591983],[144.9644080537709,-37.81647216950912],[144.96440140194264,-37.81647223474694],[144.96439483579735,-37.81647257181837],[144.96438928715074,-37.81647337616686],[144.96438538635908,-37.81647556166833],[144.96438205011034,-37.81647766591092],[144.96437830047242,-37.81647778132123],[144.96437764171225,-37.81647786004996],[144.96437422446746,-37.81647608963887],[144.96437159128197,-37.81647307023562],[144.9643678141884,-37.81647075289773],[144.9643645184298,-37.816467992392205],[144.96436285546724,-37.816463729017585],[144.96436157214967,-37.816459291971285],[144.96435952820363,-37.81645529236271],[144.96435604393787,-37.81645252949912],[144.964353135224,-37.81644932599804],[144.96435175766558,-37.81644488732234],[144.9643504718745,-37.81644054035072],[144.96434813894123,-37.816436805197306],[144.9643440863451,-37.81643430286051],[144.9643409878101,-37.81643118619496],[144.9643385556869,-37.816427629561645],[144.96433488026182,-37.81642504362772],[144.96433178059212,-37.81642192694232],[144.96433040417088,-37.81641748828603],[144.96432969774648,-37.81641252050768],[144.96432908442836,-37.81640755433902],[144.96432789782983,-37.8164030288469],[144.96432518275495,-37.816399558340194],[144.9643214106403,-37.81639705995062],[144.9643186930914,-37.816393679518576],[144.9643158824366,-37.816390297476765],[144.9643120172166,-37.816387797477205],[144.9643095886814,-37.81638415168895],[144.96430868748732,-37.81637945089583],[144.96430836204823,-37.81637421935146],[144.96430832312276,-37.81636881342659],[144.9643082866966,-37.8163633165262],[144.9643084376181,-37.81635782286483],[144.96430830561124,-37.81635241442951],[144.96430798130766,-37.81634718290474],[144.96430727238595,-37.8163423061018],[144.96430532157663,-37.81633830720133],[144.96430126042821,-37.81633607506794],[144.96429633567277,-37.81633463816047],[144.96429188116863,-37.81633312016661],[144.9642900830643,-37.81633038555201],[144.96429110391222,-37.81632734010526],[144.96429425283358,-37.81632523172528],[144.96429741657724,-37.81632258379724],[144.9643001298412,-37.816319297257785],[144.96430403444043,-37.81631693158971],[144.96430537061877,-37.81631605351506],[144.96430803686616,-37.81631447839641],[144.96431084323538,-37.816311193466376],[144.96431466215137,-37.81630855596385],[144.96431894008086,-37.81630628776845],[144.964321838241,-37.81630309364151],[144.96432528738535,-37.816300270411745],[144.96432956283957,-37.81629809229074],[144.96433273650354,-37.81629508316175],[144.964335912617,-37.81629198485864],[144.96434018807042,-37.81628980673718],[144.96434372900518,-37.81628707431019],[144.96434662961323,-37.81628379100852],[144.96435081332365,-37.81628152028184],[144.96435462973744,-37.81627897375346],[144.9643575303447,-37.8162756904515],[144.96436134678274,-37.81627314302212],[144.96436543736132,-37.81627087158598],[144.96436843107378,-37.816267589893364],[144.96437197200643,-37.81626485746548],[144.96437642985586,-37.81626286273114],[144.9643796966224,-37.81625985521042],[144.96438332929654,-37.816257215386955],[144.96438851810328,-37.816255863210955],[144.96439416839817,-37.81625479026688],[144.96439917728034,-37.816253164627106],[144.9644024415464,-37.81625024808125],[144.96440598247702,-37.81624751565226],[144.9644076908486,-37.816246735029665],[144.96441044279888,-37.81624543084178],[144.964413710674,-37.81624242424042],[144.96441688433217,-37.81623941510897],[144.96442125041182,-37.816237328668834],[144.9644248819727,-37.81623468792362],[144.96442815232112,-37.81623159124702],[144.96443316120104,-37.81622996560575],[144.96443852990458,-37.81622888779141],[144.9644439060558,-37.8162275388517],[144.96444772359914,-37.81622499233972],[144.96445099036112,-37.81622198481687],[144.96445535757428,-37.816219898395005],[144.96445898913313,-37.816217257648695],[144.96446188973331,-37.816213974343924],[144.9644659791702,-37.816211702884445],[144.96447007224134,-37.816209340468895],[144.96447315523943,-37.81620624055219],[144.9644774295733,-37.8162040615051],[144.96448280435845,-37.81620280355869],[144.96448817803275,-37.816201544691666],[144.96449208620487,-37.8161990898625],[144.964494072335,-37.81619497969003],[144.96449578048598,-37.816190774594425],[144.96449840941673,-37.816187125220814],[144.96450249998648,-37.81618485377961],[144.96450613154192,-37.816182213031716],[144.964509305169,-37.81617920479832],[144.96451422091306,-37.81617757844464],[144.96452023488717,-37.81617687135049],[144.96452661726835,-37.816176440977415],[144.96453263371654,-37.81617564380783],[144.96453622073423,-37.81617462440545],[144.96453763764205,-37.81617419831154],[144.96454090303467,-37.816171281781166],[144.96454472191056,-37.81616864517141],[144.9645491822487,-37.81616655945465],[144.96455244897925,-37.816163552829515],[144.9645555294978,-37.81616054298527],[144.9645598906454,-37.81615863578857],[144.96456333348684,-37.81615608279539],[144.96456630741704,-37.816153520795],[144.96457044905227,-37.816152781331766],[144.96457407092925,-37.81615392535265],[144.96457681814724,-37.81615622578207],[144.96458063481893,-37.816157101916204],[144.96458468713652,-37.816156181574485],[144.96458729245543,-37.81615343296642],[144.96459082840155,-37.816150881581855],[144.96459482227584,-37.81614869768225],[144.96459717072244,-37.81614504435893],[144.96459906621354,-37.81614084250015],[144.96460114049367,-37.81613691408469],[144.96460532416341,-37.81613464424919],[144.9646109719969,-37.816133660468374],[144.9646170777339,-37.81613304507305],[144.96462290683058,-37.81613224466019],[144.96462781762096,-37.816130798451205],[144.96463033859254,-37.816127687913784],[144.9646310069962,-37.816123825313184],[144.9646303590217,-37.81612012019269],[144.9646277892539,-37.81611818330224],[144.96462394652838,-37.81611829711149],[144.96462117613214,-37.816120231808654],[144.96461785720044,-37.816121706435766],[144.96461346232988,-37.81612145022986],[144.9646101456482,-37.816119410310094],[144.96460665262688,-37.816117007772846],[144.96460116088966,-37.81611574131234],[144.96459499307682,-37.816115184105286],[144.96458825693568,-37.81611488742625],[144.96458142521462,-37.81611467921216],[144.96457477475693,-37.81611465436627],[144.96456802624502,-37.816114808060135],[144.96456164500475,-37.81611523845525],[144.96455645623553,-37.816116589738535],[144.96455282354967,-37.81611923046851],[144.9645484599548,-37.81612122683909],[144.96454272643842,-37.816121938782956],[144.9645365399672,-37.81612210219092],[144.9645301785201,-37.81612181198586],[144.9645245801715,-37.816120994266676],[144.96452060945592,-37.816118943939315],[144.96451749002114,-37.81611654695647],[144.9645132961839,-37.81611575441782],[144.96451027865763,-37.81611651241052],[144.96450943121485,-37.81611667799582],[144.9645065578129,-37.8161189713799],[144.9645027847893,-37.8161198974483],[144.96449877945932,-37.81611910726671],[144.9644959380039,-37.816116805206384],[144.96449251201068,-37.81611539511787],[144.96448809871043,-37.81611576851053],[144.96448485556226,-37.816117875267],[144.96448104905846,-37.81612006150081],[144.96447531306737,-37.8161208635162],[144.96446893430056,-37.816121203831464],[144.96446218826244,-37.8161212674444],[144.96445534798306,-37.81612132942779],[144.96444841954653,-37.81612120965156],[144.9644414935844,-37.81612099980014],[144.96443475744377,-37.81612070311232],[144.96442831031464,-37.816120141067785],[144.96442252709483,-37.81611923003018],[144.9644184596667,-37.816117268145014],[144.9644153438452,-37.8161147811044],[144.96441124311514,-37.81611399017174],[144.9644072839038,-37.816114912117115],[144.96440441049887,-37.81611720549859],[144.96440054797822,-37.816118039898925],[144.96439635664146,-37.8161171563806],[144.96439333392658,-37.816114670949034],[144.96438917225828,-37.816112707433625],[144.96438339017502,-37.81611179641375],[144.96437694191175,-37.81611123434679],[144.96437039806835,-37.816110760744635],[144.96436413467796,-37.816110291990704],[144.96435834764634,-37.816109561119205],[144.96435427032276,-37.81610795953106],[144.96435304055026,-37.81610496439022],[144.96435452424305,-37.816102107179766],[144.9643578629743,-37.816099911961835],[144.96436002160925,-37.81609634547939],[144.96436145426128,-37.816091955387655],[144.96436316375608,-37.81608766019963],[144.96436634099442,-37.81608456191492],[144.9643703373457,-37.8160822879482],[144.96437333104998,-37.81607900625515],[144.96437659644448,-37.81607608972935],[144.9643810556459,-37.81607400399929],[144.9643845059124,-37.81607118078695],[144.96438795504326,-37.81606835755492],[144.96439305567955,-37.816066823619046],[144.9643987059846,-37.81606574977356],[144.96440389227837,-37.81606448857198],[144.9644076205467,-37.81606175938146],[144.9644113438412,-37.816059211241146],[144.9644168081374,-37.816058044061506],[144.96442227356889,-37.81605687690121],[144.96442737417902,-37.81605534386456],[144.96443063845965,-37.8160524264168],[144.96443436670162,-37.81604969812614],[144.96443854542252,-37.816047608446134],[144.9644420006591,-37.81604460418166],[144.96444508004137,-37.81604159432061],[144.9644493555017,-37.816039415293865],[144.9644528988698,-37.81603659368898],[144.9644557969885,-37.81603340045888],[144.96446007378694,-37.81603113133727],[144.96446397947642,-37.81602876658358],[144.9644670649412,-37.81602557659192],[144.96446924360546,-37.816024713079756],[144.96447161590396,-37.81602358256224],[144.96447717196355,-37.81602250708365],[144.96448272799825,-37.816021432505586],[144.9644870916135,-37.81601943523652],[144.9644906349792,-37.81601661363042],[144.96449554826316,-37.81601507645122],[144.96450183886358,-37.816014554375116],[144.96450849807366,-37.81601421890603],[144.9645150592295,-37.816014061976645],[144.96452153220335,-37.81601372418852],[144.9645276404052,-37.81601301872276],[144.9645323712898,-37.816011298153725],[144.96453591465342,-37.81600847654619],[144.96454073616906,-37.81600684766113],[144.96454675126446,-37.81600614058483],[144.96455313247066,-37.816005711090995],[144.9645593313031,-37.81600509730785],[144.96456470496176,-37.81600383843683],[144.96456833761656,-37.81600119860701],[144.96457233643153,-37.81599883455827],[144.96457770761538,-37.815997665761465],[144.96458345099373,-37.81599659441709],[144.96458827250763,-37.81599496553002],[144.96459154283838,-37.81599186884826],[144.96459526614797,-37.81598931980109],[144.96459972283938,-37.81598732503794],[144.96460317311843,-37.81598450091806],[144.96460698950816,-37.81598195438068],[144.96461254803702,-37.81598078882074],[144.964618930401,-37.81598035844216],[144.9646256764018,-37.81598029572058],[144.96463242242737,-37.81598023209788],[144.9646390766859,-37.81598007677092],[144.96464582518556,-37.81597992307263],[144.9646521157823,-37.81597940098838],[144.9646572139334,-37.81597795711553],[144.96466056994402,-37.815975132265585],[144.96466502913174,-37.815973046524334],[144.96467067940145,-37.81597197356619],[144.9646763260863,-37.815970989762235],[144.96468096633336,-37.81596917750282],[144.96468432481674,-37.81596626257736],[144.96468915127465,-37.8159644535364],[144.96469507209974,-37.81596374572411],[144.96470145332648,-37.81596331532136],[144.9647076532899,-37.81596270154989],[144.9647131175749,-37.815961534356134],[144.96471702572688,-37.815959079518834],[144.964721024535,-37.81595671546486],[144.96472667235352,-37.81595573167803],[144.96473305355477,-37.815955302174295],[144.96473961717945,-37.81595505515741],[144.96474627504517,-37.815954809769124],[144.9647524689243,-37.815954376125276],[144.9647582123219,-37.81595330387145],[144.96476202870485,-37.815950757328835],[144.9647653847351,-37.815947931574996],[144.96476993566077,-37.81594593843414],[144.96477356585646,-37.81594338777173],[144.96477702238855,-37.81594029430315],[144.96478184747943,-37.81593857625346],[144.9647873068138,-37.815937589205795],[144.96479277223125,-37.81593642202786],[144.96479677101107,-37.81593405887193],[144.96480049925867,-37.815931329668295],[144.96480577977798,-37.81593007007744],[144.96481188549694,-37.815929454671455],[144.96481826672036,-37.815929024262246],[144.96482437491304,-37.8159283187808],[144.9648292870493,-37.81592678156766],[144.96483283039785,-37.8159239599507],[144.96483747311225,-37.81592205761011],[144.96484339640665,-37.81592125971538],[144.96484968452364,-37.81592082769519],[144.96485588334718,-37.815920213896156],[144.964861441868,-37.815919048324204],[144.96486506842535,-37.8159165886148],[144.96486861424586,-37.81591367692189],[144.96487307208594,-37.815911681266904],[144.96487688846295,-37.815909134720364],[144.96488006456175,-37.81590603550048],[144.96488488964815,-37.81590431744643],[144.96489044321982,-37.81590333202271],[144.9648959074979,-37.815902164820244],[144.9649000005137,-37.81589980328949],[144.96490354140926,-37.81589707084436],[144.96490891503015,-37.81589581285796],[144.96491502074568,-37.81589519744651],[144.9649214019658,-37.81589476703163],[144.96492751015487,-37.8158940615447],[144.96493242339758,-37.815892525247484],[144.96493596676538,-37.815889702726516],[144.96494060831495,-37.815887801262804],[144.96494643852492,-37.815887000852854],[144.9649528197442,-37.81588657043626],[144.96495901609055,-37.81588604670649],[144.96496447408077,-37.815885149744865],[144.9649683747996,-37.815882965123365],[144.96497171102962,-37.81588085996198],[144.96497621497082,-37.81588057733392],[144.96497992005237,-37.81588208325065],[144.9649828496729,-37.81588456705838],[144.96498740716603,-37.81588572633565],[144.96499283794577,-37.8158858201959],[144.96499801432333,-37.815884919266786],[144.96500127476253,-37.81588218197156],[144.9650030710353,-37.81587815862614],[144.96500487225518,-37.815873955131025],[144.96500786344956,-37.81587076349552],[144.96501204577868,-37.815868582838384],[144.96501531247736,-37.815865576199336],[144.96501876271049,-37.81586275296734],[144.9650238621852,-37.81586121898369],[144.9650292344882,-37.815860050185385],[144.9650339666656,-37.81585824040182],[144.96503659421967,-37.81585468110936],[144.9650383023315,-37.81585047600452],[144.96504019665414,-37.8158462741179],[144.96504346201255,-37.81584335757243],[144.96504672242352,-37.81584062117658],[144.96504776683335,-37.815836674953935],[144.96504778996155,-37.81583244072817],[144.96504629950144,-37.81582872014817],[144.9650423202297,-37.81582694004322],[144.9650370878304,-37.815826489143475],[144.9650317353188,-37.81582693734354],[144.96502765334097,-37.81582893859942],[144.9650241174004,-37.81583149089886],[144.96501874378598,-37.81583274889071],[144.96501263807622,-37.81583336430773],[144.96500634996727,-37.81583379633686],[144.9650002417837,-37.81583450182806],[144.96499523541593,-37.815836037419864],[144.9649917851832,-37.8158388606512],[144.96498714363798,-37.815840762117034],[144.96498122032654,-37.81584156091998],[144.96497493221673,-37.81584199294741],[144.96496873340044,-37.81584260675295],[144.96496336223333,-37.81584377556813],[144.9649593609899,-37.81584622880488],[144.96495600252263,-37.81584914373873],[144.96495145158298,-37.81585113778788],[144.9649476365498,-37.815853594242554],[144.96494418495146,-37.815856508467604],[144.96493945658415,-37.81585813807822],[144.9649332577663,-37.815858751881834],[144.9649266930149,-37.81585899889016],[144.96492003629336,-37.81585924430854],[144.9649135633091,-37.815859583019794],[144.96490745512276,-37.81586028850609],[144.9649028160479,-37.815862099893685],[144.96489946002677,-37.815864925651724],[144.9648946324695,-37.81586673378129],[144.96488898579508,-37.81586771759608],[144.96488342975232,-37.815868793094616],[144.96487915433883,-37.81587097123709],[144.9648756134437,-37.815873703681504],[144.96487051646383,-37.81587514668305],[144.96486440827593,-37.815875852167046],[144.9648580259218,-37.81587628255925],[144.96485192134296,-37.815876897987415],[144.96484682322705,-37.815878340968275],[144.96484309498385,-37.815881070173525],[144.96483873141065,-37.81588306655557],[144.96483289872623,-37.81588395703496],[144.96482670237947,-37.81588448075807],[144.9648204117916,-37.81588500285195],[144.96481467334786,-37.81588589495934],[144.96481048969858,-37.81588816480297],[144.9648069488249,-37.815890896344456],[144.96480166447134,-37.81589233700547],[144.96479611089953,-37.815893322424984],[144.96479073611698,-37.81589458128731],[144.96478682663235,-37.81589712622169],[144.96478301159152,-37.81589958267078],[144.96477754978602,-37.815900659793144],[144.96477116495558,-37.815901180255395],[144.9647645082301,-37.81590142566485],[144.96475785284315,-37.815901580979485],[144.96475147162187,-37.815902011385454],[144.96474573320089,-37.8159029025887],[144.96474164262946,-37.81590517493986],[144.9647380086469,-37.81590790486984],[144.96473272562946,-37.81590925543324],[144.96472707895,-37.815910239240075],[144.96472179595696,-37.81591158890223],[144.9647180701816,-37.81591422802849],[144.96471434690469,-37.81591677617908],[144.96470897325466,-37.8159180350572],[144.96470323233322,-37.81591901723386],[144.9646981342118,-37.815920460208105],[144.96469468754879,-37.815923194275804],[144.96469040965283,-37.815925462485964],[144.96468466873063,-37.815926444661706],[144.96467837927398,-37.81592696676749],[144.96467199691483,-37.815927397149444],[144.96466625849106,-37.815928288348715],[144.96466179930613,-37.81593037409012],[144.96465826089914,-37.8159330155521],[144.96465325699225,-37.81593446105412],[144.96464705455682,-37.81593516489762],[144.9646406733323,-37.81593559529746],[144.9646346594035,-37.81593630149764],[144.9646295587808,-37.81593783544441],[144.96462638764334,-37.81594075360679],[144.96462247699063,-37.81594329941657],[144.96461801916703,-37.81594529416107],[144.9646145700259,-37.81594811830109],[144.96461075363817,-37.81595066483879],[144.9646053788487,-37.815951923692424],[144.964599180021,-37.81595253747815],[144.96459279879483,-37.815952967875354],[144.96458706036827,-37.81595385907068],[144.9645825094128,-37.815955853105066],[144.96457942890422,-37.815958862950374],[144.9645751521135,-37.81596113207656],[144.96457087916016,-37.81596322013258],[144.96456770307097,-37.8159663184429],[144.96456333698674,-37.815968405789896],[144.96455741366142,-37.81596920457107],[144.96455094314098,-37.81596945318723],[144.96454419464234,-37.81596960688011],[144.96453735551228,-37.81596966888827],[144.96453060948784,-37.815969732505536],[144.9645241389921,-37.815969980219485],[144.9645180307938,-37.81597068568519],[144.96451338920411,-37.81597258803248],[144.9645101238196,-37.81597550456238],[144.96450511495868,-37.81597713020756],[144.96449946713605,-37.8159781139836],[144.96449400287165,-37.81597928026657],[144.96448981918292,-37.81598155099908],[144.96448636645033,-37.81598446428958],[144.96448126829577,-37.81598590815491],[144.96447562163237,-37.81598689104866],[144.96447024797362,-37.8159881499156],[144.96446624554642,-37.81599060401596],[144.9644626164984,-37.815993153787375],[144.96445724283896,-37.8159944126537],[144.9644556460104,-37.815994565283575],[144.96445095224007,-37.81599493472748],[144.96444457103448,-37.81599536421578],[144.96443855346487,-37.815996161361646],[144.9644337319479,-37.8159977902425],[144.96443037592786,-37.81600061508564],[144.9644255494617,-37.81600242411574],[144.96441962860683,-37.81600313281505],[144.96441324626502,-37.816003562282006],[144.9644070499062,-37.81600408598261],[144.96440168119395,-37.81600516469676],[144.96439796777474,-37.816007353438415],[144.96439454091677,-37.816009365997694],[144.96439022431332,-37.81600965184207],[144.96438679969083,-37.81600815075546],[144.9643839582184,-37.81600584959336],[144.96437975812594,-37.81600532639343],[144.96437588457783,-37.81600652107268],[144.96437263155863,-37.81600898722457],[144.9643679998607,-37.816010529266755],[144.96436207900476,-37.81601123796312],[144.96435569779746,-37.81601166744656],[144.964349592069,-37.816012282828574],[144.96434412663984,-37.816013449985554],[144.96434031023978,-37.81601599651408],[144.96433621965016,-37.81601826885059],[144.9643305729579,-37.816019252638],[144.96432400687746,-37.81601958880592],[144.96431726084887,-37.816019652410816],[144.9643105123458,-37.816019806090154],[144.96430367207606,-37.81601986806496],[144.9642971109198,-37.81602002498254],[144.96429100519026,-37.81602064036149],[144.96428581392408,-37.816022082608455],[144.96428217991942,-37.81602481252367],[144.96427763142634,-37.81602671647108],[144.9642714290052,-37.81602741939367],[144.96426495961487,-37.81602766801358],[144.96425821358565,-37.81602773161508],[144.96425146755644,-37.816027795216215],[144.9642446248115,-37.81602794726236],[144.96423815428565,-37.81602819586114],[144.96423214032166,-37.816028902941184],[144.96422768245822,-37.81603089857114],[144.96422404845106,-37.816033628484476],[144.96421904452964,-37.81603507396759],[144.9642128421074,-37.81603577688707],[144.96420646087273,-37.81603620726306],[144.96420045185712,-37.816036734191854],[144.96419545288435,-37.81603799952436],[144.96419220233255,-37.81604037559625],[144.96418860294398,-37.816041845362165],[144.96418449729612,-37.816041233670624],[144.964181948451,-37.81603857709289],[144.96418046543047,-37.81603458717956],[144.9641787926133,-37.81603068320103],[144.9641784253436,-37.81603040649824],[144.96417521279344,-37.81602800879768],[144.96416991336721,-37.8160265654071],[144.9641656363323,-37.81602541094733],[144.9641646139165,-37.81602512291701],[144.9641604597083,-37.81602288826872],[144.9641576490742,-37.81601950622353],[144.96415406680572,-37.81601692099361],[144.96415076857534,-37.81601425145826],[144.96414938113728,-37.816010173079604],[144.96414949989767,-37.81600585039067],[144.9641509226613,-37.81600182060087],[144.96415397980581,-37.81599962052],[144.96415445863917,-37.815999268328824],[144.9641581794641,-37.81599681027145],[144.96416126380487,-37.815993620268515],[144.9641656249519,-37.815991713086376],[144.96417173562912,-37.815990917564314],[144.9641782992574,-37.815990670578884],[144.9641851395242,-37.81599060861129],[144.96419207042203,-37.81599063832784],[144.96424824606052,-37.81599160958075],[144.96425517693393,-37.81599164019434],[144.96426201359097,-37.81599166827744],[144.96426885633252,-37.81599151623017],[144.9642752350886,-37.81599117592547],[144.96428070051704,-37.815990008771635],[144.96428451444314,-37.81598755231986],[144.96428842510934,-37.815985006521714],[144.96429379629606,-37.81598383773794],[144.9642995396768,-37.81598276640753],[144.96430463783432,-37.815981322550144],[144.96430817873033,-37.81597859102446],[144.9643123599497,-37.81597641037336],[144.9643181008799,-37.81597542821604],[144.96432439145303,-37.81597490705011],[144.96433058533526,-37.81597447342856],[144.96433566617043,-37.8159736600934],[144.96433660424304,-37.81597358619376],[144.96434078546133,-37.81597140554164],[144.96434432883,-37.81596858394],[144.9643492445879,-37.815966956692094],[144.96435470751436,-37.81596588051032],[144.96435980566972,-37.81596443665048],[144.96436298176724,-37.81596133834603],[144.964364692394,-37.81595704317743],[144.96436640188514,-37.81595274798917],[144.9643693025032,-37.81594946378562],[144.96437283597209,-37.81594700248225],[144.9643748146781,-37.815943162536],[144.96437512324613,-37.815938753010506],[144.96437440197536,-37.81593432568087],[144.96437196107883,-37.815931130267984],[144.9643684768611,-37.815928366504515],[144.96436662027457,-37.815924370135015],[144.96436533696468,-37.81591993308864],[144.96436367401293,-37.815915669714016],[144.9643602864869,-37.81591281840553],[144.96435651934394,-37.81591013986795],[144.96435408834668,-37.81590658415551],[144.96435079640142,-37.81590364438165],[144.96434693367925,-37.815901054308924],[144.96434488479912,-37.8158972348498],[144.96434350724996,-37.81589279617392],[144.96434203412096,-37.81588844596318],[144.96433902871334,-37.81588533090762],[144.96433545139342,-37.81588256553358],[144.9643336928642,-37.8158783906237],[144.96433240955696,-37.815873953577],[144.9643306485536,-37.8158698687419],[144.96432726103092,-37.815867017432545],[144.96432358810762,-37.815864341424046],[144.96432087307628,-37.815860870016785],[144.9643173924489,-37.815858017097476],[144.96431333496042,-37.81585569400915],[144.96431042760975,-37.815852400413014],[144.9643071356686,-37.815849460637985],[144.96430288836,-37.815847224385124],[144.96430014474706,-37.81584483479534],[144.96429959755486,-37.815844284629534],[144.96429602021365,-37.81584152015513],[144.9642906240826,-37.81584016521572],[144.96428436927468,-37.81583942625342],[144.9642776331606,-37.815839129557375],[144.96427089704665,-37.8158388328609],[144.96425685288168,-37.81583859004884],[144.96424992694696,-37.8158383801869],[144.96424300101233,-37.81583817032457],[144.96423626737325,-37.81583778355135],[144.96422991585072,-37.815837133031614],[144.96422432740107,-37.81583595590041],[144.96422055779237,-37.81583336743351],[144.96421669257916,-37.81583086833227],[144.96421110529042,-37.81582969031934],[144.96420465952795,-37.81582903816889],[144.96419801652084,-37.815828743078086],[144.96419118977752,-37.81582835469253],[144.9641844536651,-37.815828057991176],[144.96417781313284,-37.815827672824426],[144.96417258568977,-37.815827041736846],[144.96417155719192,-37.81582693383658],[144.96416645005087,-37.81582531443657],[144.96416315927695,-37.815822373776605],[144.96415900505517,-37.81582014002925],[144.96415342024292,-37.81581887193884],[144.96414783182075,-37.815817693903334],[144.96414339219862,-37.81581563545597],[144.96414010390075,-37.8158126047206],[144.96413566675383,-37.815810456198186],[144.96413007833263,-37.81580927816186],[144.96412458662715,-37.81580801167995],[144.9641202425864,-37.815805864766766],[144.96411714408615,-37.815802748096054],[144.964112417954,-37.81580086402763],[144.96410683066938,-37.81579968600987],[144.96410143452042,-37.81579833196271],[144.96409766605353,-37.81579574351164],[144.9640975718127,-37.81579574188218],[144.96409466199935,-37.8157925383558],[144.9640905114163,-37.815790213650224],[144.96408683489543,-37.815787627689815],[144.96408412098873,-37.815784157197825],[144.9640803513877,-37.815781568726635],[144.96407657928748,-37.815779071230835],[144.96407386424616,-37.81577560071898],[144.96407047923736,-37.81577265842708],[144.96406670827332,-37.815770160950635],[144.96406447092957,-37.81576633822805],[144.96406318764022,-37.81576190117885],[144.9640617145301,-37.81575755096507],[144.96405880587997,-37.81575434655675],[144.96405542084796,-37.81575140516519],[144.96405394526371,-37.81574714502607],[144.96405324133707,-37.815742087171465],[144.96405301263232,-37.81573676718117],[144.96405306798923,-37.815731361985],[144.96405312466072,-37.81572586759515],[144.96405318249234,-37.81572037232418],[144.96405304936772,-37.815714963868956],[144.9640528181882,-37.81570973395343],[144.964052016207,-37.815704854638476],[144.9640504911281,-37.815702395995025],[144.9640498706318,-37.81570112361999],[144.96404619772687,-37.815698447603275],[144.96404386480611,-37.81569471334528],[144.96404267709914,-37.815690187830974],[144.96404130070695,-37.81568574917166],[144.96403867993598,-37.81568227938788],[144.96403510261246,-37.81567951490595],[144.96403315180908,-37.81567551690225],[144.96403234621923,-37.815670727642356],[144.96403182964045,-37.81566567302703],[144.96403093342036,-37.81566079208244],[144.9640292655436,-37.815656708853204],[144.96402588051708,-37.815653767460915],[144.96402325972318,-37.81565029857756],[144.9640222618387,-37.81564568622773],[144.9640217477355,-37.815640541537604],[144.96402151655823,-37.815635311622],[144.96402119227577,-37.81563008009651],[144.96402057898248,-37.815625113926416],[144.96401910701266,-37.81562076373175],[144.96401572446297,-37.81561773226443],[144.96401445511444,-37.81561617831698],[144.9640130044805,-37.8156144419009],[144.9640116294307,-37.815609913146865],[144.96401110790393,-37.815605038681035],[144.9640104982217,-37.81559998245575],[144.96400950033856,-37.815595370105804],[144.96400678778164,-37.815591809517805],[144.96400330472886,-37.81558904576384],[144.96400125721402,-37.81558513620488],[144.9639999739311,-37.815580699155085],[144.9639985950684,-37.815576350570126],[144.96399559216255,-37.81557314543165],[144.96399192174061,-37.815570379338666],[144.9639902538926,-37.81556629520818],[144.96398906732603,-37.815561769713035],[144.96398740440327,-37.81555750633369],[144.9639842092033,-37.81555447810503],[144.9639810140036,-37.81555144987629],[144.96397954090196,-37.81554709966156],[144.9639789276119,-37.81554213349126],[144.96397831545735,-37.815537167340594],[144.9639773225266,-37.81553237484087],[144.9639760740898,-37.815530101215174],[144.96397508385473,-37.815528642211206],[144.96397140982546,-37.815525966172785],[144.9639691711788,-37.815522232642294],[144.96396788789878,-37.81551779559218],[144.96396651398874,-37.81551326685731],[144.9639638920669,-37.81550979795315],[144.96396040651987,-37.81550712517359],[144.96395864554506,-37.8155030403335],[144.9639578449112,-37.81549807092358],[144.96395761373842,-37.8154928410079],[144.96395748175584,-37.815487432572226],[144.96395744287824,-37.81548202574649],[144.96395730839603,-37.81547670828633],[144.96395669758272,-37.81547165204115],[144.96395551101946,-37.815467126545705],[144.96395260124945,-37.81546392211545],[144.96394940852971,-37.815460803811156],[144.9639480296719,-37.81545645522566],[144.96394713345924,-37.81545157428052],[144.9639467099921,-37.815446521274815],[144.96394571458947,-37.81544181884963],[144.96394357150157,-37.81543799775462],[144.96394009090835,-37.81543514482496],[144.96393794782094,-37.81543132372986],[144.9639371447141,-37.81542644439458],[144.96393700530822,-37.81542130618322],[144.96393714882743,-37.81541608274659],[144.96393757279677,-37.81541086415947],[144.96393854890215,-37.81540601559013],[144.96394071609527,-37.81540217891025],[144.96394425584012,-37.81539944737522],[144.96394679163797,-37.815395797304234],[144.9639479526128,-37.8153910420491],[144.9639485650618,-37.815385826721055],[144.96394890087493,-37.81538042637432],[144.96394914489784,-37.81537493522395],[144.96394939255572,-37.81536935311769],[144.9639506148958,-37.81532486518176],[144.9639509531832,-37.815319374760165],[144.96395137962554,-37.81531406609808],[144.9639520802284,-37.81530903252944],[144.96395379333683,-37.815304647291825],[144.96395696694643,-37.81530163907246],[144.9639602361354,-37.81529854238815],[144.96396176189808,-37.81529415391089],[144.96396292534496,-37.81528930858066],[144.96396362594675,-37.81528427501192],[144.96396487868375,-37.8152796114608],[144.96396741334084,-37.81527596136952],[144.96397104597924,-37.81527332155741],[144.96397321205583,-37.81526948395633],[144.96397428484684,-37.815264547841956],[144.96397480191692,-37.81525933086441],[144.96397513772715,-37.815253930517414],[144.96397556530263,-37.815248621874765],[144.9639759942174,-37.815243223137685],[144.96397669729257,-37.81523809949398],[144.96397813126282,-37.81523362021281],[144.96398112363335,-37.815230427722476],[144.96398466584307,-37.815227606111065],[144.96398665063307,-37.815223586041],[144.96398817886728,-37.81521910748846],[144.9639900707561,-37.81521499569433],[144.963993429255,-37.815212079887274],[144.96399669709896,-37.81520907329618],[144.96399822038265,-37.81520477489307],[144.96399938382544,-37.815199929562304],[144.9640003599234,-37.81519508099208],[144.96400197878597,-37.815190694124006],[144.9640053397333,-37.81518768914251],[144.96401071200088,-37.8151865203896],[144.96401690581808,-37.815186086782695],[144.96402327460606,-37.815186106788786],[144.96402982331446,-37.81518640025833],[144.96403589185513,-37.815187136012796],[144.96404099892496,-37.81518875631804],[144.96404361970437,-37.8151922252008],[144.96404519199325,-37.815196396894784],[144.96404704359625,-37.815200573418345],[144.96405005141477,-37.81520359930648],[144.9640540083557,-37.81520619011664],[144.96405653603165,-37.81520965738928],[144.96405826821922,-37.815211399574316],[144.9640596356163,-37.8152127749815],[144.96406340407785,-37.815215362532356],[144.9640655471661,-37.81521918362531],[144.96406654257405,-37.815223886049814],[144.9640669660488,-37.81522893905543],[144.96406763265156,-37.815231923560546],[144.96407063327362,-37.815238643243454],[144.96407044840353,-37.815238549929326],[144.96407329365158,-37.81524067092893],[144.96407658800712,-37.81524352153569],[144.9640790164958,-37.815247167327996],[144.96408240645604,-37.815249928568896],[144.96408598126197,-37.81525278402457],[144.96408754994428,-37.815257045773194],[144.96408844863916,-37.81526183664285],[144.96408887214028,-37.81526688874769],[144.96408995818027,-37.81527168285663],[144.96409057867402,-37.81527295523145],[144.96409210124662,-37.81527550484989],[144.96409568102828,-37.81527817925497],[144.96409810951894,-37.81528182504692],[144.9640993928034,-37.815286262095896],[144.96410076919278,-37.81529070075469],[144.96410348669332,-37.81529408119091],[144.9641074485655,-37.815296492750576],[144.964110261646,-37.81529978472168],[144.9641129791473,-37.81530316515771],[144.96411693607092,-37.81530575686665],[144.96411946261765,-37.81530922411844],[144.96412065032433,-37.81531374963221],[144.96412135672753,-37.81531871741197],[144.9641222554252,-37.81532350828139],[144.96412401640532,-37.81532759311927],[144.96412807635878,-37.815329825237775],[144.9641335754532,-37.815330821494214],[144.96413965885475,-37.81533101679492],[144.96414557223375,-37.815330578332556],[144.96415038987382,-37.815329130532255],[144.96415310694428,-37.815325662924835],[144.96415417232527,-37.815320996132215],[144.96415477864954,-37.815315961833306],[144.96415492215286,-37.81531073839589],[144.9641545953867,-37.81530559694506],[144.9641538840321,-37.815300809315005],[144.96415154864283,-37.815297165133885],[144.96414787825282,-37.81529439814511],[144.96414573515827,-37.81529057705353],[144.96414445434556,-37.815286049930165],[144.96414307434355,-37.81528170132699],[144.96414035797702,-37.815278320911254],[144.9641368737731,-37.81527555804251],[144.96413521084742,-37.815271294665],[144.9641345044436,-37.81526632688528],[144.9641343699731,-37.81526100852404],[144.96413433108197,-37.81525560169781],[144.9641343889056,-37.8152501064262],[144.96413530679868,-37.81521669588273],[144.96413555083143,-37.81521120383068],[144.96413579599957,-37.81520571179825],[144.9641361317729,-37.81520031235116],[144.96413701857114,-37.81519528200053],[144.9641386385611,-37.81519089514997],[144.96414181218313,-37.815187886024454],[144.96414507641012,-37.81518496948419],[144.9641470650041,-37.815180769241856],[144.96414849764844,-37.81517637915192],[144.96415075926745,-37.81517245398288],[144.96415448252432,-37.815169905849324],[144.9641582107549,-37.815167176665284],[144.9641609264548,-37.815163800052595],[144.96416474281554,-37.81516125352844],[144.964168740257,-37.81515897958662],[144.9641718270354,-37.81515569950715],[144.96417546216003,-37.81515296871276],[144.96417964331062,-37.81515078896559],[144.96418272627443,-37.81514768905506],[144.9641860847628,-37.815144773242174],[144.96419045078264,-37.815142686808535],[144.9641939916412,-37.81513995528489],[144.96419735260332,-37.81513694939685],[144.96420235891344,-37.81513541473867],[144.96420800914913,-37.815134340900215],[144.96421338027466,-37.81513317211823],[144.964217196632,-37.81513062559227],[144.96422101167477,-37.81512816825987],[144.96422647093044,-37.81512718213732],[144.9642325666883,-37.815126927058756],[144.9642387382292,-37.81512730411321],[144.96424433404965,-37.815128211017914],[144.9642482091015,-37.81513035071902],[144.96424848707616,-37.815130445642566],[144.9642504378783,-37.81513444364299],[144.9642539609804,-37.81514261333491],[144.96425763384173,-37.81514529024554],[144.96426035381904,-37.81514858060347],[144.96426201427508,-37.81515293405422],[144.96426349120023,-37.81515710409669],[144.9642663128417,-37.81516012585939],[144.96427133804744,-37.815161294151395],[144.96427667566707,-37.815161386433445],[144.96428138804515,-37.81516029637688],[144.9642846484521,-37.81515756000177],[144.96428809620343,-37.81515482686555],[144.9642919051609,-37.8151525496608],[144.96429397066467,-37.81514898156864],[144.9642941703815,-37.81514853443359],[144.96429398303687,-37.81514853119462],[144.96429379816666,-37.81514843788084],[144.96429370887552,-37.81514825610193],[144.96428009778614,-37.81511864875643],[144.96428010768395,-37.815118288457214],[144.9642802999774,-37.81511811154658],[144.96427699819571,-37.81511553116984],[144.964275239686,-37.815111356259195],[144.96427395886798,-37.81510682913698],[144.96427229346318,-37.815102655836],[144.96426909826997,-37.815099627615076],[144.96426618713596,-37.8150965141876],[144.96426499447426,-37.815092168824606],[144.9642646627518,-37.81508720752333],[144.96426493690626,-37.815083968030066],[144.9642648474116,-37.81508387636521],[144.96422967073178,-37.815007315283545],[144.96422511985133,-37.81500930840504],[144.96422111613168,-37.81501185259317],[144.9642178483056,-37.815014859191116],[144.96421293015936,-37.815016575609555],[144.9642068220379,-37.8150172810614],[144.9642005351311,-37.815017713069025],[144.96419611939626,-37.81501817742821],[144.96419423966515,-37.815018415281095],[144.9641889567031,-37.81501976582183],[144.96418522850604,-37.815022494106394],[144.96418076938886,-37.81502457893032],[144.9641749342915,-37.81502555945378],[144.96416855314405,-37.81502598983028],[144.9641621695219,-37.81502651028125],[144.96415633442422,-37.81502749080376],[144.9641521508055,-37.815029760625116],[144.964148331952,-37.81503239812466],[144.96414295838312,-37.8150336560779],[144.96413666539004,-37.815034268212045],[144.96413019000178,-37.815034696957014],[144.96412408053902,-37.81503549249892],[144.96411934973378,-37.81503721215258],[144.96411571213838,-37.81504003302021],[144.96411070335853,-37.81504165774967],[144.96410450460445,-37.81504227151149],[144.9640978468204,-37.815042516865795],[144.96409091601157,-37.815042487146236],[144.9640839876774,-37.81504236735149],[144.96407715853258,-37.81504206903619],[144.96407071283988,-37.81504141688031],[144.96406931574924,-37.81504112237087],[144.9640649357937,-37.81504032569756],[144.96406382902592,-37.8150396766388],[144.96406088214638,-37.815037823333284],[144.9640571161684,-37.81503514570772],[144.9640516245211,-37.81503387922394],[144.96404508458951,-37.8150332254372],[144.9640439616591,-37.81503320602069],[144.96404386246977,-37.8150333845408],[144.9640437668906,-37.81503347300573],[144.96404348396712,-37.81503355823129],[144.96403507937666,-37.815036025416596],[144.96403470468803,-37.81503601893784],[144.96403452229322,-37.81503583554888],[144.96403433742364,-37.81503574223472],[144.96403310384122,-37.81503292816088],[144.96403301455084,-37.81503274638178],[144.9640312364831,-37.81503271563717],[144.96402421885978,-37.815032414059836],[144.96401729300163,-37.815032204186366],[144.9640103696183,-37.815031904237735],[144.96400382587322,-37.81503143061794],[144.96399786148464,-37.81503033619251],[144.96399361420703,-37.81502810083057],[144.9639934318123,-37.81502791744155],[144.9639901349697,-37.815025157808265],[144.96398503038702,-37.815023447426356],[144.96397944316274,-37.81502226940415],[144.96397414760125,-37.81502064673822],[144.96397066705043,-37.81501779290907],[144.96396747434827,-37.81501467460559],[144.96396313285737,-37.815012436712294],[144.9639599352061,-37.8150094985582],[144.96395712709253,-37.815006026434276],[144.96395326690495,-37.81500334627525],[144.96395035960242,-37.81500005267117],[144.96394927109986,-37.81499534863589],[144.96394892207482,-37.814991017857785],[144.96394885258343,-37.81499011548032],[144.9639487230508,-37.81498461787021],[144.96394878088708,-37.81497912259885],[144.96394884006276,-37.81497353723307],[144.9639490901928,-37.814967865051614],[144.96394933668776,-37.814962283826056],[144.96394967497235,-37.81495679340411],[144.96395019565128,-37.81495148637123],[144.96395126732756,-37.814946549336376],[144.9639534333701,-37.814942712635954],[144.96395458218282,-37.814941831324994],[144.96395687864802,-37.81494006958418],[144.96395913284474,-37.81493641464315],[144.9639597254891,-37.81493191991286],[144.96395909735463,-37.81492749419091],[144.96395656476747,-37.814924206165266],[144.96395260155563,-37.81492188559626],[144.96394968933123,-37.81491877124107],[144.96394610709703,-37.81491618690685],[144.9639427508895,-37.81491558816664],[144.9639407929052,-37.81491528395684],[144.963935079277,-37.81491527527546],[144.96393008285165,-37.814916450524194],[144.9639266400488,-37.8149190035004],[144.9639223745396,-37.81492082221081],[144.96391665101152,-37.814921173827685],[144.96391113957623,-37.81492062793594],[144.9639066950887,-37.814918748729916],[144.96390378150218,-37.81491572536881],[144.9638997253923,-37.814913313074065],[144.96389548062396,-37.81491098673329],[144.96389257446293,-37.81490769314756],[144.96388842527435,-37.81490527834171],[144.96388358627632,-37.81490411415473],[144.9638828418503,-37.814903921046735],[144.9638772546368,-37.81490274301996],[144.96387272333632,-37.81490059195873],[144.963869437539,-37.81489747204281],[144.96386490128918,-37.81489550113086],[144.96385922228717,-37.81489423229958],[144.9638535444455,-37.81489296258692],[144.96384958507792,-37.81489046094462],[144.9638462000924,-37.81488751954801],[144.96384118862693,-37.814885810770186],[144.96383550715112,-37.814884632012586],[144.96383011357332,-37.81488318697931],[144.96382644319087,-37.81488042088203],[144.96382286593763,-37.81487765549391],[144.96381747594629,-37.81487612130567],[144.96381198431527,-37.814874854811144],[144.9638068810868,-37.81487305432745],[144.96380478523582,-37.814870946280806],[144.96380378263734,-37.81486993764951],[144.96380020783576,-37.8148670830867],[144.96379586635865,-37.814864845187564],[144.96379286348923,-37.81486164004463],[144.96378967082597,-37.81485852083593],[144.96378532932493,-37.81485628383718],[144.96378185123933,-37.814853340828755],[144.96377865610182,-37.814850311694535],[144.96377373885537,-37.81484860544441],[144.96376806235847,-37.81484724563335],[144.96376286107875,-37.814845623687326],[144.96375947609874,-37.81484268228835],[144.96375618669828,-37.81483965242459],[144.96375184635957,-37.81483741454356],[144.96374855695964,-37.8148343846796],[144.96374565083292,-37.814831090189735],[144.96374140604954,-37.814828764744384],[144.96373801859608,-37.81482591341961],[144.9637351162849,-37.8148224387603],[144.96373125114,-37.814819939644735],[144.96372738981012,-37.81481726035982],[144.9637246759789,-37.814813788959746],[144.96372090888917,-37.81481111130439],[144.96371694953052,-37.81480860965786],[144.9637142345399,-37.81480513913869],[144.96371094380328,-37.81480219936817],[144.96370698692056,-37.814799607646535],[144.96370484881248,-37.814795606398135],[144.9637034724549,-37.814791167735294],[144.96370180956404,-37.81478690435238],[144.96370171893506,-37.814786812667485],[144.96369842458915,-37.814783962951786],[144.96369465750186,-37.81478128529564],[144.96369213483192,-37.81477763696557],[144.96368874985782,-37.814774695564715],[144.96368488966726,-37.814772016298136],[144.96368284335023,-37.814768105853176],[144.96368156257364,-37.81476357872548],[144.96367990215973,-37.814759225267515],[144.9636768025849,-37.814756108566826],[144.963673514327,-37.81475307872057],[144.96367204373252,-37.81474863842765],[144.96367143046731,-37.814743672255894],[144.96367072904843,-37.81473852432443],[144.96366973728146,-37.81473373184201],[144.96366749751223,-37.81472999918755],[144.96366373537913,-37.814727141380935],[144.96366197196227,-37.81472314661171],[144.96366117496498,-37.81471808714481],[144.9636610393923,-37.81471276876397],[144.96366100300935,-37.81470727186333],[144.9636609940363,-37.81470420861145],[144.96366096910157,-37.8147016848879],[144.9636622113619,-37.81465647725741],[144.96366254966532,-37.81465098683658],[144.96366289044377,-37.814645406340986],[144.96366341114,-37.81464009930964],[144.96366438972592,-37.81463516066742],[144.96366615386,-37.81463230831498],[144.96366674311645,-37.81463132721217],[144.9636703782076,-37.81462859733369],[144.96367273159765,-37.81462476387829],[144.9636738032866,-37.8146198268461],[144.96367441708566,-37.81461452142481],[144.96367442203595,-37.81461434127524],[144.96367475538784,-37.81460903100389],[144.96367500303643,-37.81460344979878],[144.96367515647043,-37.814597866063146],[144.96367540300824,-37.81459228393765],[144.9636757437853,-37.814586703441925],[144.96367608206236,-37.814581213921706],[144.9636766933857,-37.81457599857512],[144.96367794860177,-37.81457124495194],[144.9636806667751,-37.81456777827523],[144.96368448809497,-37.814565050715686],[144.96368665661416,-37.81456112394525],[144.96368828042978,-37.8145565569316],[144.96368989795522,-37.814552260161925],[144.96369335198844,-37.81454925679868],[144.9636968928353,-37.814546525289444],[144.96369869411726,-37.81454232091389],[144.96370031904232,-37.814537754820414],[144.96370239829557,-37.814533645369536],[144.96370612400924,-37.81453100717463],[144.96370939678337,-37.81452782044108],[144.9637111074107,-37.81452352528113],[144.96371263564504,-37.81451904673174],[144.96371507965785,-37.81451530496018],[144.96371917265554,-37.81451294256809],[144.96372253358192,-37.81450993759378],[144.9637255272474,-37.8145066559154],[144.9637298075872,-37.81450429676274],[144.9637334390592,-37.81450165693716],[144.9637363445702,-37.8144981934988],[144.9637401609343,-37.81449564608684],[144.96374379849104,-37.81449282613095],[144.96374578461203,-37.81448871596983],[144.96374740347215,-37.81448432910477],[144.96374966622466,-37.81448040396265],[144.96375357569107,-37.814477858160274],[144.96375730635015,-37.81447503981401],[144.96375992893738,-37.81447166159994],[144.96376411750995,-37.814469210741436],[144.96376802561096,-37.81446675593372],[144.96377102174762,-37.81446338417924],[144.96377484058374,-37.81446074669127],[144.96377911841958,-37.81445847851223],[144.96378201900148,-37.81445519432142],[144.9637856554192,-37.81445237434449],[144.96379002388295,-37.81445019784985],[144.96379310933185,-37.81444700697326],[144.96379647025222,-37.81444400199665],[144.96380074447606,-37.81444182387191],[144.9638041971848,-37.81443890969877],[144.9638072850828,-37.81443562964774],[144.96381155930584,-37.814433451522575],[144.96381528751027,-37.81443072234837],[144.96381819053966,-37.814427348982555],[144.96382237663286,-37.814424988196635],[144.96382628720457,-37.814422443312026],[144.9638291877582,-37.8144191600207],[144.9638330972187,-37.8144166142155],[144.96383728442152,-37.81441425434938],[144.9638400932102,-37.81441087935334],[144.96384400875513,-37.81440815341777],[144.96384818987187,-37.814405973681225],[144.96385127776657,-37.8144026936289],[144.96385472933605,-37.814399779434524],[144.9638590046911,-37.814397601327165],[144.9638623656313,-37.81439459544776],[144.96386554415363,-37.814391407079825],[144.96386991261147,-37.81438923058203],[144.96387345594374,-37.81438640809144],[144.96387644959745,-37.8143831264088],[144.96388063318673,-37.81438085659619],[144.96388445315014,-37.81437821912403],[144.9638874492779,-37.81437484736628],[144.96389145047348,-37.814372394164124],[144.96389544921868,-37.81437003013588],[144.9638958412279,-37.8143694060914],[144.96383996393078,-37.81424851766058],[144.9638378382045,-37.8142440660405],[144.96380998652833,-37.81418384906316],[144.9636045505681,-37.814078934761405],[144.9635981670253,-37.81407945518411],[144.96359233810716,-37.81408025465005],[144.96358825503097,-37.81408225673934],[144.96358500702436,-37.814084542722334],[144.96358059247802,-37.81408500707961],[144.96357698059361,-37.814083503632745],[144.96357434999723,-37.81408039413912],[144.9635707628654,-37.814077989944245],[144.9635675603431,-37.81407523102949],[144.96356655012778,-37.81407106904998],[144.9635666738643,-37.81406656621161],[144.96356799742824,-37.81406271494719],[144.96357096880442,-37.81406024394519],[144.96357282224028,-37.81405757247223],[144.96357206637782,-37.81405440618525],[144.9635682721037,-37.81405271934857],[144.96356267144793,-37.81405199166295],[144.96355667744226,-37.81405197811486],[144.96355085595167,-37.81405250735447],[144.96354603093462,-37.81405422625768],[144.96354349516636,-37.81405787632157],[144.96354169143822,-37.81406216986919],[144.96353961221538,-37.81406627841691],[144.96353597712337,-37.814069009193],[144.96353261621047,-37.814072014162534],[144.96353072071796,-37.814076216005326],[144.96352891698862,-37.8140805095527],[144.9635260139607,-37.814083882911596],[144.96352063547678,-37.81408532188864],[144.9635144367996,-37.81408593562164],[144.9635076884733,-37.81408608926],[144.96350075528045,-37.814086149583055],[144.96349363722106,-37.814086116590765],[144.96347229160452,-37.81408574740659],[144.96346526664848,-37.81408571602284],[144.96345833345575,-37.8140857763434],[144.96345167689273,-37.81408602168325],[144.96344547710447,-37.81408663449223],[144.96344064826758,-37.81408853356015],[144.96343701433108,-37.81409126345194],[144.9634319138148,-37.814092797350185],[144.96342562089782,-37.81409340944853],[144.96341887257088,-37.81409356308179],[144.96341193937752,-37.81409362339957],[144.96340519105055,-37.814093777032035],[144.96339825785716,-37.814093837349034],[144.9633916894705,-37.8140942635446],[144.96338604044018,-37.81409533736563],[144.96338212984708,-37.81409788313654],[144.96337794378425,-37.81410024300631],[144.96337305288725,-37.81410096946936],[144.96337211122693,-37.81410113341712],[144.96336554281478,-37.81410156051194],[144.96335860962074,-37.814101620826584],[144.9633516789022,-37.81410159106605],[144.96334465508045,-37.814101559694684],[144.96333033080757,-37.81410131193077],[144.96332331080157,-37.81410110038899],[144.9633161976924,-37.814100887236386],[144.96330927440067,-37.81410058724904],[144.96330273074383,-37.81410011359268],[144.9632968595448,-37.81409902074447],[144.96329271153135,-37.814096606839556],[144.9632897112142,-37.81409331070941],[144.96328565516913,-37.814090898395065],[144.96328236945635,-37.81408777756335],[144.9632808033181,-37.81408342573046],[144.9632794283376,-37.81407889696888],[144.96327728779642,-37.81407498578826],[144.96327371057723,-37.81407222128557],[144.9632711879262,-37.81406857384812],[144.96327019619224,-37.81406378136282],[144.96326974306797,-37.81405980925231],[144.96326958543324,-37.814058725114606],[144.96326906643728,-37.814053760571234],[144.96326768764217,-37.814049411978715],[144.96326477297964,-37.81404638858347],[144.96326222559873,-37.814043640992764],[144.96326204167727,-37.8140401241267],[144.96326417554357,-37.81403745841061],[144.96326676979427,-37.81403507010952],[144.96326751896999,-37.814031659501154],[144.96326563773064,-37.81402856386386],[144.96326243027096,-37.814025985090694],[144.96326066689102,-37.81402199031609],[144.96325976578575,-37.814017289515924],[144.9632593398937,-37.81401232658295],[144.96325833959892,-37.81400780430221],[144.96325636907318,-37.814004526885164],[144.96325255502921,-37.81400355973592],[144.96324924854682,-37.814004583953064],[144.96324656996063,-37.81400661032463],[144.9632427248691,-37.814006814166675],[144.96324060566678,-37.81400551586336],[144.96323959318494,-37.814004867526755],[144.963238297593,-37.81400088084344],[144.96323822181924,-37.81400024870963],[144.9632377785994,-37.813995916299966],[144.96323773729452,-37.813990599549],[144.9632377009409,-37.813985102648516],[144.9632377612766,-37.81397951820411],[144.96323772492292,-37.813974021303615],[144.9632374987521,-37.8139686112373],[144.96323688799583,-37.81396355498893],[144.9632352251485,-37.81395929160017],[144.96323145677903,-37.81395670402495],[144.96322643796398,-37.81395526544723],[144.96322179628302,-37.81395374417644],[144.9632195255354,-37.813951181605155],[144.96321980083965,-37.81394794303531],[144.96322239127258,-37.813945734904294],[144.963224430899,-37.813943067558746],[144.96322424202808,-37.813939730842144],[144.96322187704237,-37.813937166640784],[144.9632196062705,-37.81393460497023],[144.96321941874004,-37.81393117815922],[144.9632216468677,-37.81392851317318],[144.96322433285377,-37.813926217478546],[144.96322489468872,-37.813922803629836],[144.9632231065815,-37.81391970870166],[144.9632197092861,-37.8139172176624],[144.96321775361818,-37.81391339979617],[144.96321628058996,-37.81390904957299],[144.96321451971542,-37.81390496382227],[144.96321075021393,-37.81390237622682],[144.96320573140298,-37.813900937648306],[144.96320089990883,-37.81389950321098],[144.96319825200524,-37.813897024232844],[144.9631984342071,-37.81389378405257],[144.963200932876,-37.81389148421707],[144.96320297116134,-37.81388890696626],[144.96320306273566,-37.81388557510071],[144.96320098067227,-37.813882925675294],[144.96319852008577,-37.81388045083856],[144.96319823945336,-37.813877022417],[144.96320009537314,-37.813874260875345],[144.96320287446073,-37.81387196679163],[144.96320352558317,-37.813868734722654],[144.96320192234367,-37.813865733109566],[144.96319823852053,-37.813863417348536],[144.96319551729584,-37.81386021706253],[144.9631926076195,-37.81385701261543],[144.96318855025004,-37.81385469039251],[144.9631852609404,-37.813851659613505],[144.96318263777096,-37.813848280788164],[144.96317905066329,-37.81384587658196],[144.9631767837363,-37.813843133840756],[144.96317687778733,-37.813839711900464],[144.96317928580297,-37.81383732128086],[144.96318179189748,-37.81383475122143],[144.96318197657547,-37.81383142096638],[144.9631799912035,-37.813828683996796],[144.96317734330302,-37.81382620501825],[144.96317687285486,-37.81382286343078],[144.9631786369866,-37.813820011085234],[144.9631816020984,-37.813817809436266],[144.96318243942687,-37.81381458058841],[144.96318093176782,-37.8138114905108],[144.96317734332166,-37.81380917639897],[144.96317452177476,-37.81380615461226],[144.96317171129098,-37.81380277164533],[144.963167466584,-37.81380044618111],[144.96316417343684,-37.81379759647152],[144.9631617389763,-37.81379412989127],[144.9631582485858,-37.813791637239895],[144.96315551140052,-37.813788976481234],[144.96315551121413,-37.8137855529108],[144.9631578274661,-37.81378307058666],[144.96316033108369,-37.81378059060239],[144.96316080229306,-37.81377708506867],[144.9631587287718,-37.81377416633871],[144.96315533398555,-37.81377158432227],[144.9631535681412,-37.81376767962101],[144.9631520951193,-37.81376332939712],[144.96315014688574,-37.813759241305604],[144.96314608838745,-37.81375691906174],[144.963141070723,-37.81375548050043],[144.96313633484286,-37.81375395669571],[144.96313406407933,-37.813751395023694],[144.96313443362433,-37.81374815808423],[144.96313711715524,-37.81374595156542],[144.96313897057328,-37.813743281000136],[144.96313869244435,-37.81373976160295],[144.96313595523688,-37.813737101744636],[144.9631329450131,-37.81373416681071],[144.96313165438247,-37.81372999997685],[144.96313028302785,-37.813725381158584],[144.96312833232062,-37.813721383141505],[144.96312466091027,-37.813718616103856],[144.9631217573045,-37.81371523242604],[144.96312028923685,-37.81371070205227],[144.963119101613,-37.81370617652977],[144.9631167712737,-37.81370235218059],[144.96311309852436,-37.813699675237004],[144.9631108624237,-37.813695852517895],[144.96310996628247,-37.81369097156719],[144.96310935798735,-37.81368582614426],[144.9631086491871,-37.81368094843429],[144.9631070830667,-37.81367659659933],[144.96310370314114,-37.813673474132976],[144.9631008890295,-37.81367018212039],[144.96309961078043,-37.81366556491238],[144.9630989069325,-37.813660507052845],[144.9630982973227,-37.81365545082348],[144.96309720889045,-37.81365074678146],[144.96309439973143,-37.813647274619214],[144.9630909167773,-37.81364451174175],[144.9630889710257,-37.81364033357458],[144.96308778340466,-37.813635808051785],[144.96308612418372,-37.81363145460602],[144.9630829316017,-37.81362833537991],[144.96307973899522,-37.813625217054465],[144.96307836403432,-37.8136206882908],[144.9630778500045,-37.813615543597194],[144.96307752824217,-37.813610222895576],[144.96307739270978,-37.81360490451436],[144.9630766913395,-37.813599756579926],[144.9630753175146,-37.81359522783587],[144.963072122434,-37.813592199585024],[144.96306893233003,-37.8135889902838],[144.96306736621364,-37.81358463844838],[144.96306608549213,-37.81358011131483],[144.9630641372677,-37.81357602322205],[144.96306046336625,-37.813573347158105],[144.9630576553472,-37.81356987501471],[144.96305627904815,-37.81356543634522],[144.96305500080337,-37.81356081913678],[144.96305266802065,-37.8135570839605],[144.96304899659634,-37.81355431782145],[144.96304666740056,-37.81355049349067],[144.9630457676537,-37.81354570259467],[144.96304525362643,-37.81354055790093],[144.9630444542047,-37.81353558850526],[144.96304288695535,-37.813531236649915],[144.96303959877628,-37.81352820678766],[144.96303669404614,-37.813524823088336],[144.96303541580318,-37.81352020587972],[144.9630348037226,-37.81351523972484],[144.96303419545836,-37.8135100934008],[144.96303301145363,-37.81350547782241],[144.96303029654078,-37.81350200728904],[144.96302672185843,-37.81349915180414],[144.96302477363812,-37.81349506371076],[144.96302349539636,-37.813490446502044],[144.9630219292845,-37.81348609466609],[144.96301863749702,-37.813483154858424],[144.96301525508318,-37.8134801233653],[144.963013688972,-37.813475771529255],[144.96301240825537,-37.813471244395174],[144.9630104625124,-37.81346706622684],[144.96300707517267,-37.81346421398228],[144.9630041704464,-37.813460830282246],[144.96300298892007,-37.813456124628814],[144.96300237818247,-37.81345106837941],[144.96300176744495,-37.81344601212998],[144.9630004903407,-37.813441394940654],[144.96299748890198,-37.813438099684966],[144.96299410401514,-37.81343515826606],[144.9629923456142,-37.813430983338385],[144.96299106737538,-37.81342636612931],[144.96298940568843,-37.813422102757116],[144.96298602082737,-37.813419160437235],[144.96298301804967,-37.81341595527561],[144.96298164557393,-37.813411336436204],[144.9629809392598,-37.813406368650796],[144.96298013623215,-37.81340148930988],[144.96297876241636,-37.81339696056483],[144.9629754717698,-37.81339402077572],[144.96297045794964,-37.81339240203867],[144.9629656264932,-37.81339096759267],[144.96296268960967,-37.813388753962805],[144.96296231093493,-37.81338550407965],[144.9629644373889,-37.813383107692026],[144.9629666531039,-37.81338089398493],[144.9629667422113,-37.81337765219434],[144.96296381523183,-37.813375078265494],[144.96295898132553,-37.81337373299324],[144.96295405924414,-37.81337220686136],[144.9629525927111,-37.81337100996172],[144.96295066943492,-37.813369444690046],[144.96294928953418,-37.813365096074605],[144.9629493192204,-37.81336401607823],[144.9629490521401,-37.81336013640131],[144.962949468708,-37.81335518894273],[144.96295090272292,-37.81335070877272],[144.9629538925808,-37.813347606381384],[144.96295798437518,-37.81334524489527],[144.96296107226183,-37.81334196486563],[144.9629649803518,-37.81333950918244],[144.9629705411787,-37.813338253619825],[144.96297637499515,-37.81333727403355],[144.9629811082151,-37.8133354634475],[144.96298456087663,-37.81333255019808],[144.96298938967422,-37.813330651147545],[144.96299540342693,-37.813329944124746],[144.96300187864463,-37.81332951633872],[144.9630052620063,-37.81332912428127],[144.96300798663484,-37.81332881094557],[144.96301336259623,-37.81332746206524],[144.9630170907466,-37.813324733815826],[144.96302072715966,-37.813321912960525],[144.9630251873382,-37.81331982819761],[144.96302873309955,-37.813316916557426],[144.96303172429324,-37.81331372406956],[144.963036095185,-37.81331145752644],[144.9630397302563,-37.813308726764916],[144.96304272637602,-37.81330535502796],[144.96304700055356,-37.81330317692895],[144.96305090863868,-37.81330072124273],[144.96305436624746,-37.8132976278416],[144.96305919256528,-37.81329581886285],[144.96306511566345,-37.8132950210518],[144.96307159090264,-37.81329459236107],[144.96307779199165,-37.81329388857475],[144.9630829830853,-37.813292446375605],[144.96308662308067,-37.813289536363754],[144.96309025451316,-37.81328689655643],[144.96309489844114,-37.81328490418589],[144.96309825799372,-37.813281989322356],[144.96310198750382,-37.813279170074935],[144.96310727033313,-37.81327782048036],[144.96311301354154,-37.81327674830107],[144.96311820710906,-37.813275216025524],[144.9631216597625,-37.813272302771836],[144.96312584330937,-37.81327003298452],[144.96313149227942,-37.813268959174145],[144.96313723548687,-37.81326788699362],[144.96314206293624,-37.81326607803097],[144.96314542382643,-37.81326307307161],[144.9631500677267,-37.81326108159955],[144.96315562111795,-37.81326009625223],[144.96316136680005,-37.81325893399574],[144.96316555148044,-37.8132566642266],[144.96316863576803,-37.813253473345476],[144.96317309841407,-37.813251298501925],[144.9631771913565,-37.8132489361267],[144.96318036985605,-37.81324574777611],[144.9631849206522,-37.813243754692124],[144.9631905720951,-37.81324259080402],[144.9631961304357,-37.81324142530521],[144.96320031645425,-37.81323906544034],[144.96320349608777,-37.81323587710872],[144.96320786204342,-37.81323378980772],[144.96321195629923,-37.81323133823756],[144.96321513482127,-37.81322814898518],[144.96321977737742,-37.81322624760465],[144.96322542634294,-37.81322517378961],[144.96323098829268,-37.813223918233945],[144.96323498944508,-37.81322146505249],[144.9632381654654,-37.813218366775004],[144.96324262452123,-37.81321628108307],[144.96324662928376,-37.81321373784606],[144.96324980532805,-37.813210638667485],[144.96325463408647,-37.813208740506354],[144.9632602841856,-37.81320766670922],[144.96326575076063,-37.81320640950216],[144.96326966128436,-37.81320386463427],[144.96327293153996,-37.81320076798582],[144.9632772974917,-37.8131986806821],[144.96328111872813,-37.813195954034214],[144.96328401925476,-37.81319267075498],[144.96328829953006,-37.8131903116161],[144.9632923913054,-37.813187950117765],[144.96329547672005,-37.813184759252685],[144.9632999393584,-37.813182584404075],[144.96330540345548,-37.813181417269874],[144.9633107793765,-37.813180069276214],[144.96331450753343,-37.81317734011604],[144.9633164030127,-37.813173138275836],[144.96331820672975,-37.8131688447308],[144.96332101796713,-37.813165379671],[144.9633253888663,-37.81316311221583],[144.9633288415064,-37.81316019895561],[144.96333238229747,-37.813157467455206],[144.96333615157062,-37.813156631475074],[144.96331971320865,-37.81312084802026],[144.96331980631066,-37.81312084963062],[144.96312343127306,-37.81308853046728],[144.963102751606,-37.81304348432356],[144.96310172675962,-37.81304328635996],[144.96309538043974,-37.81304245563634],[144.96308941756584,-37.81304127107513],[144.9630847969102,-37.813039028321185],[144.96308265888274,-37.81303502706278],[144.96308090182552,-37.813030762041855],[144.9630781831107,-37.81302747167896],[144.9630732525115,-37.813026214856485],[144.96306772637013,-37.81302620937796],[144.96306300555096,-37.813027569594354],[144.96306046979683,-37.813031219648764],[144.96305875783028,-37.81303560489459],[144.96305649013792,-37.813039710174074],[144.96305266640132,-37.813042527790266],[144.9630493936683,-37.81304571450738],[144.9630476756138,-37.81305027988292],[144.96304706276533,-37.81305216084955],[144.9630459586945,-37.81305484527803],[144.963043331177,-37.813058403627],[144.96303895782498,-37.81306076024569],[144.96303531399852,-37.813063851326376],[144.96303158586235,-37.81306657957686],[144.96302574595623,-37.81306774019719],[144.96301908453296,-37.81306816566475],[144.9630120547232,-37.81306831440628],[144.96300484366128,-37.81306827977662],[144.96299763507517,-37.81306815507178],[144.9629904303054,-37.813067850197285],[144.96298341401032,-37.81306754858294],[144.96297687539908,-37.81306689476154],[144.9629711048163,-37.81306553328575],[144.962967343928,-37.81306267547897],[144.96296319982338,-37.81306008049412],[144.96295752345392,-37.8130587215487],[144.9629516572944,-37.813057448536064],[144.9629468432159,-37.81305538266573],[144.9629434657756,-37.81305217102147],[144.96293874593493,-37.81305010678112],[144.96293306709086,-37.81304883790932],[144.9629274863254,-37.81304738959765],[144.9629235331488,-37.81304470869808],[144.96292043865174,-37.81304141092934],[144.96291591355455,-37.813039080605584],[144.96291234137422,-37.81303613504299],[144.9629094391442,-37.81303266126623],[144.96290510520353,-37.813030154013916],[144.9629014399222,-37.81302720684035],[144.96289863193027,-37.813023734693644],[144.96289448780556,-37.813021140607255],[144.9628906302341,-37.81301837034184],[144.962887824719,-37.81301480812016],[144.96288387041014,-37.813012127199684],[144.96287982302454,-37.81300944376765],[144.96287692327303,-37.813005879915366],[144.96287315878007,-37.813003112160864],[144.96286920315657,-37.81300052043361],[144.96286639650776,-37.8129969581918],[144.96286282791803,-37.81299392347346],[144.96285896921378,-37.812991153187404],[144.9628569303891,-37.812986973406105],[144.962855557928,-37.81298235456535],[144.96285380449655,-37.81297799948632],[144.96285004248188,-37.81297514165637],[144.96284704467934,-37.812971756342215],[144.96284557911733,-37.81296713589064],[144.96284411469085,-37.812962515458665],[144.9628414072338,-37.812958774697194],[144.96283744800235,-37.81295627302407],[144.96283145735222,-37.812949322245565],[144.96282731325874,-37.812946727256204],[144.9628246975642,-37.812943078199545],[144.96282322952806,-37.81293854782246],[144.96282166839032,-37.81293401583462],[144.96281857387754,-37.81293071896417],[144.96281462071107,-37.812928038061195],[144.96281172099057,-37.81292447330669],[144.96280824437284,-37.812921440177924],[144.96280400467919,-37.81291893455254],[144.9628011036189,-37.81291545989222],[144.9627978192929,-37.81291224985483],[144.96279376941501,-37.812909657395515],[144.9627913485151,-37.81290574045433],[144.96278997605944,-37.81290112161293],[144.96278822263355,-37.812896766533036],[144.96278474962952,-37.81289364334851],[144.96278079780691,-37.81289087235007],[144.962778370796,-37.81288713643926],[144.96277489534148,-37.812884102428455],[144.9627712300477,-37.81288115615187],[144.96276957220113,-37.81287671260774],[144.9627688708569,-37.812871564671696],[144.96276864719613,-37.812866064529864],[144.96276842351062,-37.8128605652888],[144.96276772464267,-37.81285532727797],[144.96276635084854,-37.81285079853072],[144.96276306407555,-37.81284767766647],[144.96276034672223,-37.81284429720231],[144.96275962804617,-37.81283977978951],[144.96276003835402,-37.81283510167463],[144.9627621126296,-37.81283117328964],[144.96276574518538,-37.812828533511485],[144.96276810103603,-37.81282460999804],[144.96276822385065,-37.81282353071176],[144.96276917770552,-37.81281949282411],[144.9627698882614,-37.81281409896313],[144.96277050458016,-37.812808703471696],[144.96277139752218,-37.81280349300142],[144.9627730213501,-37.81279892599964],[144.96277684619454,-37.812796109312764],[144.9627500628175,-37.81273455880668],[144.9627422558725,-37.81265054137272],[144.96274670686725,-37.8125635828049],[144.962752592093,-37.81249601982832],[144.96274567141927,-37.81237976193243],[144.96275489183017,-37.812333970493974],[144.96275324404564,-37.812332591122],[144.9627523989732,-37.8123292421497],[144.9627537994478,-37.81232602304745],[144.96275704874012,-37.81232364699087],[144.96275930156875,-37.8123200821651],[144.96276045761,-37.812315507069684],[144.9627612513567,-37.81231047511801],[144.96276232172482,-37.812305628187495],[144.96276403482526,-37.812301242965134],[144.9627672989971,-37.81229832555887],[144.96277047004304,-37.8122954074425],[144.96277245862882,-37.812291207221456],[144.96277389129017,-37.81228681714698],[144.9627761528855,-37.812282892002095],[144.96277997027423,-37.812280345538426],[144.96278360169086,-37.8122777048383],[144.9627864104409,-37.81227432986528],[144.96279022782883,-37.81227178340125],[144.96279431959192,-37.812269421018115],[144.96279722010144,-37.81226613774998],[144.96280085510338,-37.81226340789488],[144.96280503614997,-37.812261227291295],[144.96280821214475,-37.812258129024244],[144.96281147744833,-37.81225521163629],[144.96281480364007,-37.8122534677317],[144.96281575157028,-37.81225303354375],[144.9628192041857,-37.8122501202974],[144.96282219286707,-37.81224701788812],[144.9628264681236,-37.8122448398148],[144.96283037749885,-37.812242294039706],[144.96283355349178,-37.81223919577193],[144.9628380992817,-37.812237382849055],[144.96284375178715,-37.812236218995025],[144.96284912271915,-37.8122350502693],[144.96285312135274,-37.81223268717404],[144.96285629850445,-37.81222958802449],[144.9628605701477,-37.81222750000501],[144.96286466304153,-37.812225137638926],[144.96286774593145,-37.81222203775946],[144.9628722024351,-37.812220043055326],[144.96287776070255,-37.812218877569286],[144.9628831316328,-37.81221770884197],[144.96288503110276,-37.81221675040979],[144.96286758979156,-37.81218680628356],[144.9628660600443,-37.81218795134705],[144.96286169416734,-37.81219003773648],[144.96285586423235,-37.81219083805136],[144.96284929846436,-37.812191175047545],[144.96284255278712,-37.81219123857798],[144.9628356222489,-37.81219120879218],[144.96275838491584,-37.81218987250205],[144.96275145437798,-37.81218984271133],[144.96274452384014,-37.81218981292018],[144.96273759082626,-37.81218987320338],[144.96273112063497,-37.812190121728975],[144.96272510944945,-37.812190738666224],[144.9627203763229,-37.81219254834351],[144.9627170253462,-37.81219519389384],[144.96271221149885,-37.812196551586155],[144.9627065862318,-37.81219672461152],[144.9627010750098,-37.812196178668955],[144.9626972858023,-37.81219431165749],[144.96269426082435,-37.81219191626176],[144.96269016149074,-37.81219112439434],[144.9626863886494,-37.81219205041022],[144.96268342472615,-37.81219425206839],[144.9626795588085,-37.81219517557247],[144.96267536634934,-37.81219438299442],[144.9626725287091,-37.81219199083949],[144.96266845792942,-37.812190118955286],[144.96266304094445,-37.812189574641465],[144.9626574156779,-37.8121897476645],[144.9626527891669,-37.812191108595705],[144.96264924837482,-37.81219384097744],[144.96264451772254,-37.81219556057685],[144.96263850653605,-37.81219617750963],[144.9626319432433,-37.8121964244189],[144.96262510332983,-37.81219648630633],[144.96261817279176,-37.81219645650772],[144.9626113389661,-37.81219633826449],[144.96260460319374,-37.812196041482245],[144.96259787237395,-37.81219556455012],[144.96259180657088,-37.81219473865386],[144.9625870782053,-37.812192945506354],[144.96258464990947,-37.81218929878574],[144.96258365710437,-37.812184506275564],[144.96258333042658,-37.81217936572212],[144.96258338339987,-37.81217405060132],[144.96258353195017,-37.8121686470167],[144.96258395846186,-37.8121633383592],[144.96258465911768,-37.81215830479799],[144.9625863722247,-37.81215391957833],[144.9625898261849,-37.812150916244384],[144.9625930914671,-37.81214799976328],[144.96259479848555,-37.81214379467334],[144.9625964184909,-37.812139407842565],[144.96259858698994,-37.81213548109027],[144.9626025856504,-37.81213311710281],[144.96260640190147,-37.812130570625],[144.96260948482254,-37.81212746985169],[144.96261421794736,-37.81212566017883],[144.96262041646503,-37.812125046488525],[144.9626269797514,-37.81212479957973],[144.9626336298453,-37.812124824525334],[144.96264046479985,-37.81212494278674],[144.9626472936667,-37.81212524117761],[144.9626536448547,-37.81212589177357],[144.96265942526313,-37.812126892963846],[144.96266338828693,-37.81212921357196],[144.96266687721882,-37.81213179723106],[144.96267200140616,-37.812132786165485],[144.9626773401184,-37.812132789320096],[144.96268205841005,-37.812131519192285],[144.96268495644262,-37.812128326001584],[144.96268620063333,-37.81212393266716],[144.962687176767,-37.81211908410676],[144.96268861438176,-37.81211451388371],[144.96269087102368,-37.81211076888989],[144.96269466366968,-37.81210912227563],[144.96264873787777,-37.81202840956656],[144.96264752075788,-37.81202838850754],[144.96264400968764,-37.81203003999228],[144.96264056945705,-37.81203250285988],[144.96263538587363,-37.812033674817805],[144.96262937470027,-37.81203429175053],[144.96262299383085,-37.812034721149864],[144.96261707328173,-37.812035429767604],[144.96261215527772,-37.81203714702534],[144.9626088875251,-37.81204015358193],[144.9626050762066,-37.812042520811225],[144.96260062104793,-37.812044425411],[144.96259764227102,-37.81204716751569],[144.96259440289123,-37.81204918326916],[144.96259009146777,-37.81204928890462],[144.96258686182887,-37.81204752078821],[144.96258392003128,-37.81204548820056],[144.96257971656613,-37.81204505499802],[144.96257583577295,-37.81204651984819],[144.96257258401138,-37.81204898597482],[144.96256758280992,-37.8120503413207],[144.96256157545196,-37.812050778080746],[144.96255482731178,-37.812050931669816],[144.962547988572,-37.812050992672056],[144.96254105804778,-37.81205096286929],[144.9625340357639,-37.81205084136077],[144.96252710523973,-37.81205081155722],[144.9625201747156,-37.812050781753236],[144.9625137106243,-37.81205085013737],[144.96251333595112,-37.81205084365422],[144.9625068632955,-37.81205118224257],[144.96250103450384,-37.812051982559744],[144.96249675922493,-37.812054161522106],[144.96249445043716,-37.812056373610574],[144.962493585703,-37.81205716970594],[144.96248931406,-37.81205925771215],[144.96248532169395,-37.812061351451895],[144.96248252779716,-37.81206418596917],[144.96247874619,-37.812065472297185],[144.96247473501384,-37.812064862183],[144.962472167892,-37.81206283607591],[144.96247189240754,-37.81206265107377],[144.96246846800526,-37.81206114993678],[144.96246396429177,-37.81206143247546],[144.96246072129614,-37.812063538280206],[144.96245691492462,-37.812065725355026],[144.96245154895252,-37.81206671391353],[144.96244535180452,-37.81206723659992],[144.96243906266648,-37.81206775859535],[144.9624332327376,-37.812068558889464],[144.9624287762074,-37.81207055447767],[144.9624255059696,-37.81207365110365],[144.96242132494805,-37.8120758307931],[144.96241866374734,-37.81207722662455],[144.9624170496655,-37.81207800975243],[144.96241589458717,-37.81207916129341],[144.96241378303873,-37.81208101632294],[144.96240960333276,-37.8120831068183],[144.96240377949067,-37.81208372698106],[144.9623996554267,-37.81208383495048],[144.9623974991463,-37.812083887754824],[144.96239142208327,-37.812083513142674],[144.96238573591842,-37.81208251357016],[144.96238177427202,-37.81208010195789],[144.96237829275753,-37.81207724896715],[144.9623732801748,-37.812075630226914],[144.96236797990647,-37.81207418764454],[144.9623631596138,-37.81207239199621],[144.96236072769622,-37.81206883622717],[144.96235954375268,-37.812064220642824],[144.96235883748918,-37.8120592528542],[144.9623579389361,-37.81205446197323],[144.96235636927838,-37.81205020018454],[144.96235298200222,-37.81204734882385],[144.96235007356626,-37.81204414437775],[144.96234869372222,-37.812039795756036],[144.96234750482677,-37.81203536032107],[144.96234564235027,-37.81203154405303],[144.96234233940518,-37.812029054621796],[144.96234045466502,-37.81202604812563],[144.96234082784446,-37.81202272113341],[144.96234351512624,-37.81202033536259],[144.96234574074748,-37.81201776046634],[144.96234564749423,-37.812014335284914],[144.96234347733946,-37.812011504986096],[144.96234046476323,-37.81200865920805],[144.96233917420318,-37.81200449236647],[144.96233856104195,-37.81199952618884],[144.96233842669568,-37.811994207826665],[144.9623384810022,-37.8119888035127],[144.96233825355543,-37.81198348353941],[144.9623380274498,-37.81197807347174],[144.96233741181223,-37.811973197368815],[144.96233584081602,-37.811969025674266],[144.9623321694955,-37.81196625951521],[144.9623287847253,-37.811963317178446],[144.96232635642465,-37.81195967135368],[144.96232287357665,-37.811956908455876],[144.96231948633067,-37.81195405619358],[144.9623178235766,-37.811949792793314],[144.96231701810288,-37.81194500442393],[144.96231650165583,-37.81193994980222],[144.96231541329377,-37.81193524575384],[144.96231307809512,-37.81193160153995],[144.96230930874847,-37.81192901301787],[144.96230630605825,-37.81192580784078],[144.96230377857097,-37.81192234053434],[144.96229991612466,-37.811919750400854],[144.96229710324803,-37.81191645839071],[144.96229601241097,-37.811911844416926],[144.96229549596544,-37.81190678979513],[144.96229517180936,-37.81190155826574],[144.96229475094097,-37.81189641518034],[144.96229394549397,-37.81189162591008],[144.9622919948763,-37.81188762788067],[144.96228774782878,-37.81188539246273],[144.9622826410252,-37.81188377208824],[144.96227791516378,-37.81188188885428],[144.96227519902664,-37.81187850749897],[144.96227401147902,-37.81187398196895],[144.96227330522245,-37.811869014179884],[144.96227249975232,-37.81186422581025],[144.96227083566149,-37.811860052503775],[144.96226735418614,-37.81185719860932],[144.96226387382166,-37.8118543456352],[144.96226144439223,-37.81185069978956],[144.9622581513891,-37.811847849156486],[144.96225549365695,-37.81184573135908],[144.96225457431308,-37.81184508462602],[144.96225290908825,-37.81184091129968],[144.9622527489951,-37.811839917235545],[144.96225220283338,-37.811835943510516],[144.96225187868043,-37.81183071198106],[144.9622515545275,-37.8118254804516],[144.9622511311857,-37.81182042744081],[144.96224994611694,-37.81181581183583],[144.962247227482,-37.811812521455444],[144.9622433638832,-37.81180993220137],[144.96224083756272,-37.811806464012605],[144.9622379279806,-37.811803260445124],[144.96223498372572,-37.811801317923965],[144.9622340630413,-37.81180076128516],[144.96223219314612,-37.81179721523976],[144.96223197957934,-37.811794778368515],[144.9622317524692,-37.811792792752094],[144.96223252890795,-37.81178839132766],[144.96223505477494,-37.81178510068855],[144.9622386848191,-37.81178255100003],[144.96224085084887,-37.81177871432906],[144.96224228239473,-37.81177432424165],[144.9622438974584,-37.81177011756535],[144.96224688366624,-37.81176710524531],[144.96224975941254,-37.811764722737955],[144.96225050613043,-37.811761402210266],[144.962248715636,-37.811758397343624],[144.9622451261814,-37.81175608318669],[144.9622423072245,-37.81175297130525],[144.9622395836636,-37.811749860173464],[144.96223533662547,-37.81174762475385],[144.96223185267996,-37.811744860933246],[144.96222875690012,-37.81174165414323],[144.96222412530943,-37.81173977163745],[144.9622188262034,-37.81173832906871],[144.96221390808853,-37.81173662183916],[144.9622110952224,-37.81173332982718],[144.96221000439286,-37.811728715852695],[144.96220920142935,-37.811723836507184],[144.9622083028891,-37.811719045625225],[144.96220673438162,-37.81171478385441],[144.9622033471262,-37.81171193248986],[144.9621998667956,-37.81170907861329],[144.96219734179698,-37.81170552123004],[144.9621939545423,-37.81170266986525],[144.96219028192348,-37.81169999289582],[144.96218823460384,-37.81169608330876],[144.96218686086368,-37.811691554555544],[144.96218538298143,-37.81168738447043],[144.96218209378156,-37.81168435456705],[144.96218017304108,-37.81168269920936],[144.96217880326537,-37.81168141385721],[144.96217713804816,-37.811677240529924],[144.96217628916526,-37.81167407262397],[144.96217611173645,-37.81167370908291],[144.96217345884548,-37.811667986663345],[144.96217071183997,-37.81166568708386],[144.9621678989784,-37.811662395070954],[144.9621667114402,-37.81165786953998],[144.96216619500456,-37.811652814917714],[144.96216621234154,-37.81165218439453],[144.9621659664347,-37.811647494924564],[144.96216564228808,-37.811642263394916],[144.96216502914038,-37.81163729721649],[144.96216374716133,-37.811632860168665],[144.9621604579647,-37.81162983026476],[144.9621573585805,-37.81162671352813],[144.96215588431315,-37.811622453387585],[144.96215460367617,-37.81161792624526],[144.96215284040812,-37.811613931455916],[144.96214926584858,-37.8116110759471],[144.96214645433128,-37.81160769383935],[144.9621452679305,-37.81160316832783],[144.9621447490198,-37.81159820378021],[144.96214404277376,-37.811593235990465],[144.96214295195009,-37.811588622015435],[144.96214033024597,-37.81158515307495],[144.96213694299888,-37.81158230170869],[144.96213499735066,-37.81157812352748],[144.96213428615192,-37.81157333588717],[144.96213367661878,-37.81156827965356],[144.96213287118488,-37.81156349038233],[144.9621311103959,-37.81155940551793],[144.96212753336297,-37.81155664008328],[144.96212481608396,-37.81155325960597],[144.96212343987324,-37.81154882092684],[144.9621222523393,-37.811544295395485],[144.96212001635058,-37.81154047265959],[144.9621163425822,-37.811537796569205],[144.96211410414196,-37.811534063007215],[144.96211329868478,-37.81152927463663],[144.96211297206526,-37.8115241331816],[144.96211311569286,-37.81151890974743],[144.96211363399078,-37.81151369279761],[144.96211460767506,-37.81150893431708],[144.9621168704145,-37.81150500920437],[144.96212068417145,-37.81150255281633],[144.9621239494666,-37.811499635446914],[144.96212638354453,-37.811496254004936],[144.9621298163356,-37.81149406137615],[144.9621323187704,-37.811491581391955],[144.96213202941985,-37.811488513286875],[144.96212880476975,-37.81148656500926],[144.96212330237748,-37.811485658722646],[144.9621171360837,-37.81148510231736],[144.96211068690303,-37.811484630232336],[144.96210517326264,-37.81148417433822],[144.96210414235185,-37.811484156496384],[144.96209808022547,-37.81148324052133],[144.96209335441895,-37.811481356379964],[144.96209044599084,-37.81147815282887],[144.9620869620384,-37.811475389905134],[144.962083562439,-37.81147298801043],[144.96208319272245,-37.81147280137651],[144.96208133883832,-37.81146871490017],[144.96208117131766,-37.811467991060056],[144.9620804403087,-37.811463924017374],[144.96207992274435,-37.81145886937515],[144.9620790242149,-37.81145407849234],[144.96207726095446,-37.81145008370198],[144.96207359080415,-37.81144731755529],[144.96207087353147,-37.81144393707687],[144.96206959042553,-37.811439500008476],[144.9620684015549,-37.811435064571015],[144.962066344366,-37.81143151438028],[144.96206340869597,-37.8114293016507],[144.96206304145647,-37.81142902494198],[144.96206153386402,-37.81142593575237],[144.9620616393479,-37.81142548698997],[144.96206228061095,-37.81142261432509],[144.96206524449522,-37.811420413582674],[144.96206700478933,-37.81141774142142],[144.9620668148613,-37.81141440378289],[144.96206444996855,-37.81141184046146],[144.9620623666708,-37.81140928111246],[144.96206227343015,-37.81140585593087],[144.96206450283498,-37.81140310177104],[144.96206794307855,-37.811400638019016],[144.96206982867028,-37.811396796497384],[144.96207135331755,-37.81139240802317],[144.96207287166953,-37.81138828979278],[144.96207566421342,-37.81138554537903],[144.96207853883905,-37.81138316195505],[144.96207862550207,-37.81138001023992],[144.96207588212206,-37.81137762060341],[144.96207075936184,-37.81137654064953],[144.96206487962593,-37.811375808064746],[144.96205881141998,-37.81137507221773],[144.96205332007955,-37.81137380564879],[144.96204936341027,-37.81137121477773],[144.96204626404122,-37.811368098038464],[144.96204220439014,-37.811365864954084],[144.9620385317684,-37.81136318888117],[144.96203581450024,-37.811359808402024],[144.96203195209213,-37.811357218260625],[144.96202928336564,-37.811355459837195],[144.96202818028237,-37.8113547207059],[144.96202556222855,-37.8113511608073],[144.96202217499626,-37.81134830943806],[144.96201859795266,-37.81134554490115],[144.96201683717467,-37.811341460035244],[144.96201612980354,-37.8113364922252],[144.9620159023798,-37.81133117225147],[144.96201605096692,-37.811325768667984],[144.96201601469622,-37.81132027176742],[144.96201607397725,-37.81131468730421],[144.9620163192762,-37.81130919527694],[144.9620166576747,-37.81130370486099],[144.96201708174218,-37.81129848628059],[144.96201787552513,-37.81129345433426],[144.96201958616612,-37.811289159197365],[144.9620234023916,-37.81128661273745],[144.96202868511932,-37.81128526228658],[144.96203405844489,-37.81128400442226],[144.96203824193304,-37.81128173376987],[144.96204123171583,-37.81127863230015],[144.96204541520348,-37.81127636164748],[144.96204950690796,-37.8112740001897],[144.96205240740866,-37.811270716939234],[144.9620547931057,-37.8112691361122],[144.9620561305572,-37.81126816796613],[144.96206040082356,-37.81126617006882],[144.96206337958702,-37.811263427977025],[144.96206594898123,-37.81126194134782],[144.9620667107034,-37.81126150394303],[144.96207092898123,-37.811261396714144],[144.96207415857376,-37.81126316484358],[144.96207424674452,-37.81126334570361],[144.96207709919133,-37.81126519742328],[144.96208112022768,-37.811265447250776],[144.96208481860728,-37.81126379902417],[144.96208779982177,-37.81126096775774],[144.96209179099415,-37.81125887491138],[144.96209407750155,-37.81125747260207],[144.96209569652183,-37.81125650932866],[144.96209869011938,-37.81125322768819],[144.96210250502372,-37.811250770419214],[144.96210668600642,-37.81124859073975],[144.96210995260705,-37.81124558417664],[144.9621140429912,-37.81124331191017],[144.96211969047644,-37.81124232823835],[144.9621259819976,-37.81124171708397],[144.96213217910247,-37.811241193511684],[144.96213801278645,-37.81124021306143],[144.96214200893456,-37.81123793916307],[144.96214527666865,-37.811234932618575],[144.9621496400304,-37.8112329363291],[144.96215363865443,-37.81123057235556],[144.96215690886442,-37.811227475735976],[144.9621615477308,-37.8112256635481],[144.96216747067007,-37.81122486577745],[144.96217385149578,-37.811224435500066],[144.96217986621787,-37.81122372853366],[144.96218523956145,-37.81122246976149],[144.96218887339674,-37.81121973990436],[144.96219232105744,-37.81121700592403],[144.96219677256315,-37.81121519139342],[144.96220021279348,-37.811212727637056],[144.96220318409502,-37.811210256666506],[144.9622073254714,-37.81120951727855],[144.96221094459375,-37.811210751439795],[144.9622136915843,-37.81121305101804],[144.96221760352395,-37.81121383965851],[144.96222137879673,-37.81121282358148],[144.96222426576912,-37.81120999068056],[144.96222779907305,-37.811207529435265],[144.96223188697502,-37.81120534723925],[144.9622341447452,-37.811201602273144],[144.9622359459944,-37.81119739881852],[144.96223811200582,-37.81119356214678],[144.9622422930062,-37.81119138156152],[144.96224830904154,-37.81119058539785],[144.96225478162236,-37.81119024682153],[144.96226152720735,-37.811190183322154],[144.96226846012675,-37.811190123064286],[144.9622753905696,-37.81119015288077],[144.96228222677763,-37.811190181066074],[144.9622887875048,-37.81119002424851],[144.962295171939,-37.81118950390932],[144.96230036289697,-37.811188061740395],[144.96230381186854,-37.81118523856294],[144.9623074418801,-37.81118268887113],[144.96231189340588,-37.81118087343528],[144.96231515122471,-37.8111782271848],[144.96232071620926,-37.81116660999967],[144.96231942569733,-37.811141990966185],[144.9623182070978,-37.81113863642783],[144.96231859402022,-37.81113476806617],[144.9623204721623,-37.81113119676407],[144.96232473632563,-37.81112937898655],[144.96233047194627,-37.81112857706486],[144.96233666790536,-37.81112805346183],[144.96234268509482,-37.81112725641205],[144.962347691165,-37.81112572182508],[144.96235095395775,-37.81112289452321],[144.96235477263988,-37.81112025797714],[144.96235932087197,-37.81111835409527],[144.96236268169145,-37.81111534915534],[144.96236631417398,-37.81111270938678],[144.96237150264886,-37.811111357289256],[144.96237706083912,-37.81111019182447],[144.96238216114224,-37.81110865886665],[144.96238542527396,-37.81110574146934],[144.9623890602316,-37.81110301162527],[144.9623936084618,-37.811101107742026],[144.96239715166053,-37.81109828619224],[144.96240068877086,-37.81109564477223],[144.96240606571348,-37.81109429593448],[144.96241207681155,-37.81109367901093],[144.96241845762515,-37.81109324871991],[144.96242438305265,-37.811092359960426],[144.96242892878024,-37.811090547051286],[144.96243191492735,-37.81108753562595],[144.96243544824344,-37.81108507347328],[144.96243878677137,-37.811082879203894],[144.96243971835517,-37.811079651089834],[144.96243839427,-37.811076745315404],[144.96243555304238,-37.811074444111654],[144.96243460746777,-37.811071363750514],[144.96243572388457,-37.811068229853625],[144.96243868642733,-37.81106611829463],[144.96244017142402,-37.8110631710108],[144.96243970463277,-37.81105973936526],[144.96243677776013,-37.81105716542552],[144.9624357826343,-37.81105588746042],[144.96224041376755,-37.811113233292055],[144.96213318831124,-37.811119306183585],[144.96213039441383,-37.81112214159431],[144.96212529905847,-37.81112349439153],[144.962119188768,-37.811124289818906],[144.96211299280824,-37.81112481341046],[144.9621070698518,-37.81112561207933],[144.9621023392573,-37.81112733165884],[144.96209889025633,-37.811130155731014],[144.96209388056909,-37.81113178036236],[144.96208777636656,-37.81113239565821],[144.96208130626727,-37.81113264415073],[144.96207474306848,-37.811132891031626],[144.96206808563488,-37.81113313628122],[144.96206207700834,-37.81113366311227],[144.96205735136593,-37.811135202540434],[144.962054098469,-37.81113766953487],[144.96205022630514,-37.81113886326366],[144.96204602534723,-37.81113834086957],[144.96204318281323,-37.811136128850286],[144.96203985403847,-37.81113453923868],[144.96203554266842,-37.81113464485536],[144.96203249444287,-37.81113648456824],[144.96202926001826,-37.81113832105841],[144.96202495114963,-37.8111383356992],[144.9620212501588,-37.81113665042849],[144.96201813709936,-37.81113407325607],[144.96201311847423,-37.8111326355329],[144.96200714700035,-37.81113181124006],[144.9620007947691,-37.81113116059207],[144.96199473267293,-37.81113024461252],[144.96199074136686,-37.81112891388542],[144.9619897190023,-37.811128626738906],[144.9619864273823,-37.811125686004715],[144.96198227462193,-37.81112345220801],[144.9619766890667,-37.81112218400501],[144.9619711977464,-37.81112091743275],[144.96196676094092,-37.81111876883684],[144.9619638525567,-37.81111556438226],[144.9619600832382,-37.81111297675095],[144.96195593184567,-37.81111065195822],[144.96195321459012,-37.8111072714774],[144.96195011389418,-37.811104244830325],[144.96194615479044,-37.81110174313019],[144.9619438221116,-37.81109800883504],[144.96194244591902,-37.81109357015402],[144.9619410661143,-37.811089221528086],[144.9619381601845,-37.81108592789892],[144.9619344864447,-37.81108325180352],[144.96193263012546,-37.811079254499084],[144.96193134951014,-37.81107472735461],[144.961929876607,-37.81107037711718],[144.9619267747782,-37.811067350449875],[144.96192338756234,-37.81106449907816],[144.9619216292726,-37.81106032413625],[144.96192044289293,-37.811055798622725],[144.96191868460355,-37.81105162368079],[144.96191539298974,-37.811048682944765],[144.96191238787404,-37.81104556783346],[144.96191101168418,-37.811041129152116],[144.96191030545745,-37.81103616136113],[144.96190969233012,-37.811031195181556],[144.9619086015278,-37.811026581204594],[144.96190607656524,-37.81102302381579],[144.96190221167714,-37.811020524646125],[144.9618994013527,-37.81101714165201],[144.96189668410298,-37.811013761170024],[144.96189281921568,-37.811011262000044],[144.96189029427916,-37.81100770371018],[144.96188929902982,-37.8110030021705],[144.96188878509264,-37.81099785747245],[144.96188884058805,-37.810992452277645],[144.9618890798049,-37.81098714038041],[144.96188941325627,-37.810981830114265],[144.96189020704347,-37.810976798168696],[144.96189163859225,-37.81097240808514],[144.96189107292258,-37.81095212633803],[144.96188931216008,-37.810948041470425],[144.96188726487551,-37.81094413187873],[144.96188311215298,-37.810941897178076],[144.96187724120153,-37.81094080516706],[144.96187098322258,-37.810940156143644],[144.96186453295604,-37.81093968402684],[144.96185827115863,-37.81093921517188],[144.96185276994595,-37.810938308893455],[144.9618490739479,-37.81093644256746],[144.9618483157083,-37.81093336634559],[144.96185016414282,-37.81093087594819],[144.9618527508932,-37.81092875789946],[144.96185340204246,-37.81092552583741],[144.96185217355927,-37.810922531593754],[144.96184923680477,-37.81092031793904],[144.96184819699712,-37.81091723684352],[144.9618492203615,-37.810914100440556],[144.96185218423085,-37.81091189970293],[144.9618538552391,-37.81090904576396],[144.96185329426606,-37.81090561158497],[144.96185046049462,-37.81090304014354],[144.9618476377669,-37.810900108422764],[144.96184634972832,-37.81089585150167],[144.96184506664392,-37.810891414431126],[144.96184311609946,-37.810887415494335],[144.96183953774255,-37.810884741047],[144.96183663068962,-37.81088144739595],[144.9618352533716,-37.81087700869418],[144.9618341612341,-37.810872484810986],[144.9618318285677,-37.810868750513855],[144.96182825157857,-37.81086598507108],[144.9618259164356,-37.81086234084857],[144.96182501792816,-37.81085754996406],[144.96182459709507,-37.8108524068772],[144.9618243685496,-37.810847086883484],[144.96182404192623,-37.81084194632851],[144.96182324147227,-37.810836976905954],[144.961821480716,-37.81083289203747],[144.9618180935394,-37.81083003976229],[144.96181566529899,-37.810826393928124],[144.96181457698208,-37.81082168987566],[144.96181434348318,-37.81081655003139],[144.9618140193376,-37.81081131940164],[144.96181369408148,-37.81080608785149],[144.96181298786283,-37.81080112005999],[144.96181141691832,-37.81079694835923],[144.9618080297437,-37.8107940960838],[144.96180531498308,-37.81079062552519],[144.96180422419016,-37.81078601154738],[144.9618036122066,-37.81078104538696],[144.96180299908778,-37.8107760792069],[144.96180181406086,-37.81077146359792],[144.96179900372528,-37.810768081502445],[144.961795806338,-37.81076514329532],[144.96179404806188,-37.81076096835174],[144.96179324265637,-37.81075617907846],[144.96179272624974,-37.81075112445477],[144.96179173464654,-37.8107463319585],[144.96178968737235,-37.810742422365294],[144.9617860123128,-37.81073983636012],[144.96178291052803,-37.8107368087887],[144.96178038805795,-37.81073316132276],[144.9617767129992,-37.81073057531732],[144.96177361369232,-37.810727457670936],[144.96177223999297,-37.81072292891343],[144.9617717235879,-37.81071787428966],[144.96177158812034,-37.81071255680808],[144.96177145629,-37.81070714837068],[144.96177141508142,-37.81070183161952],[144.96177118653975,-37.81069651162567],[144.9617703822716,-37.810691722371935],[144.96176824190104,-37.810687811166865],[144.9617645657096,-37.81068522514145],[144.96176146754036,-37.810682107514445],[144.96175865720983,-37.81067872541812],[144.96175469563303,-37.81067631468769],[144.9617510219445,-37.8106736376864],[144.96174840142496,-37.81067016875778],[144.96174463213623,-37.810667581120256],[144.96174067419778,-37.81066507943357],[144.96173795696768,-37.810661698948294],[144.96173447306583,-37.810658936015244],[144.96173013303076,-37.81065669806697],[144.96172684389393,-37.81065366815222],[144.96172317134287,-37.81065099116978],[144.96171786737023,-37.810649728730205],[144.96171189593898,-37.81064890442354],[144.96170592089538,-37.810648170171625],[144.96170107728113,-37.810647185151836],[144.9617007062278,-37.81064708861122],[144.96169786256254,-37.810644877465386],[144.9616976688325,-37.81064171999549],[144.96169825062407,-37.81064101002672],[144.96170017236182,-37.81063924094013],[144.9617029662314,-37.81063640644011],[144.96170439644183,-37.8106321064531],[144.9617052808583,-37.81062716619504],[144.96170570607697,-37.81062194763536],[144.961706085571,-37.8106183504012],[144.96170631749308,-37.81061673229879],[144.96170701818886,-37.81061169874286],[144.9617083566416,-37.81060730704986],[144.96171105875268,-37.81060438084364],[144.96171374963788,-37.81060190412992],[144.96171393302524,-37.81059866397153],[144.9617115656926,-37.81059619071852],[144.96170673199038,-37.81059484540011],[144.9617015236227,-37.810593493596],[144.96169727171198,-37.81059143830842],[144.96169436222405,-37.81058823382816],[144.96169059407669,-37.81058564620872],[144.96168644272183,-37.81058332140737],[144.96168372797428,-37.810579850846224],[144.9616807204095,-37.81057682580431],[144.96167704290946,-37.810574328970006],[144.96167517554682,-37.81057069284199],[144.96167492223995,-37.81056627359537],[144.96167124899003,-37.81054999244459],[144.96165571348774,-37.81052909109052],[144.96165328528943,-37.81052544435261],[144.96165228760785,-37.81052083198518],[144.96165158137714,-37.81051586509362],[144.96165068040696,-37.810511164282666],[144.96164882656862,-37.81050707780029],[144.96164486255202,-37.81050475624045],[144.9616400338115,-37.81050323077004],[144.96163538990177,-37.81050179951776],[144.96163339478744,-37.81049942192301],[144.96163321488666,-37.81049914845594],[144.96163321984116,-37.810498968306504],[144.96163377428408,-37.81049582468908],[144.96163664752092,-37.8104935322701],[144.9616391684125,-37.810490421792046],[144.9616401322016,-37.810486023614075],[144.96164064309045,-37.81048107689041],[144.9616404046244,-37.810476118096084],[144.96163968851056,-37.81047151060263],[144.9616371611264,-37.81046804238264],[144.9616337739484,-37.810465191003416],[144.96163220054308,-37.810461109375275],[144.96163167919408,-37.81045623490045],[144.96163181789555,-37.81045119161636],[144.96163269488235,-37.81044652158297],[144.96163458294706,-37.81044258999294],[144.9616383991402,-37.810440043544276],[144.96164184926016,-37.81043721950451],[144.96164465798736,-37.810433844557245],[144.96164875326878,-37.810431393057044],[144.96165256700843,-37.81042893578187],[144.9616552826363,-37.81042555922272],[144.96165882582864,-37.810422737694765],[144.96166254894624,-37.81042018873293],[144.9616646268182,-37.81041617031041],[144.961665693612,-37.810411413444754],[144.9616665816403,-37.81040638313172],[144.9616678332889,-37.81040171958357],[144.96167009353792,-37.810397884553176],[144.9616740014842,-37.81039542980922],[144.96167726806263,-37.81039242325712],[144.96167998618995,-37.81038895572184],[144.96168380237876,-37.81038640927156],[144.96168707009173,-37.81038340273883],[144.96168850163937,-37.81037901265736],[144.9616893896656,-37.81037398234408],[144.96168981870213,-37.81036858361511],[144.96169024639676,-37.810363274980546],[144.96169058233468,-37.81035787464002],[144.9616909717362,-37.81035391710679],[144.96169109949028,-37.81035265857281],[144.96169845389082,-37.81029980753531],[144.96163837369397,-37.81025705117833],[144.9616354653317,-37.810253847617325],[144.9616317916679,-37.810251170612865],[144.9616274541119,-37.81024884348746],[144.96162482999978,-37.81024546461155],[144.96162172937687,-37.81024243705606],[144.96161777030468,-37.81023993624692],[144.9616154351906,-37.81023629202076],[144.96161415212978,-37.810231854947936],[144.9616126803953,-37.810227504726626],[144.9616099632111,-37.81022412333804],[144.96160629447942,-37.810221267084124],[144.96160472355749,-37.8102170953809],[144.9616040148794,-37.810212217662986],[144.96160388058328,-37.81020689930008],[144.96160384433992,-37.810201402399315],[144.96160380807174,-37.8101959063993],[144.96160414401464,-37.81019050605902],[144.96160448243475,-37.81018501564401],[144.9616049996194,-37.81017979867642],[144.96160597692733,-37.81017495014445],[144.96158757111576,-37.810139222508184],[144.9615838478888,-37.81013834789776],[144.96158091973982,-37.81013586403265],[144.9615766530194,-37.81013434828904],[144.9615712301044,-37.81013398405917],[144.9615656000394,-37.81013433718395],[144.961561151038,-37.81013606251844],[144.96155770590906,-37.810138705506084],[144.96155270234425,-37.81014015088718],[144.96154650398714,-37.810140764525975],[144.96153994087595,-37.81014101137957],[144.96153337776477,-37.8101412582328],[144.96152681217617,-37.81014159516038],[144.96152080003984,-37.810142211120436],[144.9615159763737,-37.81014392996713],[144.96151243318994,-37.81014675149116],[144.96150742466904,-37.810148377019736],[144.96150141498464,-37.81014890380479],[144.96149485435012,-37.81014906058111],[144.96148839424592,-37.81014894874461],[144.96148213004102,-37.81014856994631],[144.9614766264146,-37.81014775372672],[144.96147459910807,-37.81014654710099],[144.96147321450763,-37.810145802189844],[144.961472741675,-37.8101425506712],[144.9614728372506,-37.81014246220819],[144.96147477991,-37.810139973447555],[144.96147794102404,-37.81013741476195],[144.96147945937977,-37.81013329653861],[144.96148033141665,-37.810128806655726],[144.9614803438037,-37.81012835628209],[144.96148086210707,-37.81012314023563],[144.9614813804351,-37.810117923288445],[144.96148208113985,-37.81011288973375],[144.96148323721866,-37.810108314650556],[144.96148585365341,-37.81010511661314],[144.96148891919006,-37.81010264639018],[144.96148985573063,-37.810099239035274],[144.9614884437624,-37.810096061376086],[144.96148523653076,-37.810093482559566],[144.96148337527887,-37.81008966629905],[144.9614826641323,-37.8100848786553],[144.96148243313385,-37.810079648735766],[144.96148239439694,-37.81007424281058],[144.96148235816221,-37.81006874590992],[144.96148296995614,-37.81004650195611],[144.96148293124386,-37.81004109513017],[144.96148289253156,-37.810035688304204],[144.96148246924696,-37.81003063529102],[144.96148109309917,-37.81002619660522],[144.9614780905191,-37.8100229914093],[144.96147499122858,-37.810019874656675],[144.96147380489015,-37.81001534913916],[144.96147319427484,-37.81001029288287],[144.9614730599878,-37.8100049745199],[144.96147292704285,-37.80999956606257],[144.96147279273103,-37.809994248600375],[144.961472658444,-37.80998893023739],[144.96147185802027,-37.80998396081273],[144.9614701903997,-37.80997987755127],[144.96146671015185,-37.80997702455614],[144.96146399298314,-37.809973643164504],[144.96146261683737,-37.80996920447854],[144.96146133626706,-37.80996467732951],[144.96145909674422,-37.80996094463757],[144.9614555184449,-37.80995827017985],[144.9614531858246,-37.80995453587603],[144.96145219063908,-37.809949833432334],[144.9614515800256,-37.80994477717593],[144.96145087135946,-37.80993989945724],[144.961449495215,-37.80993546077112],[144.96144649016244,-37.80993234564922],[144.96144339090168,-37.80992922799511],[144.9614420122804,-37.80992487938364],[144.9614412093818,-37.80992000003352],[144.96144069300246,-37.80991494540846],[144.96143960224282,-37.80991033142764],[144.96143717404945,-37.80990668558653],[144.96143321252376,-37.8099042748465],[144.96143011323989,-37.809901158092835],[144.96142984024334,-37.80990088301376],[144.96142691840578,-37.80989812890132],[144.96142190844358,-37.809896420950864],[144.96141632051322,-37.80989524279869],[144.96141111715497,-37.80989371083371],[144.9614075413381,-37.80989094629992],[144.96140376964746,-37.809888447826644],[144.96139818417072,-37.809887180499636],[144.96139202547388,-37.80988635293532],[144.961385767589,-37.80988570388869],[144.96137999098696,-37.80988461258597],[144.96137564736986,-37.80988246558183],[144.9613726448248,-37.80987925948268],[144.96136858772738,-37.8098769372035],[144.96136434332402,-37.80987461078016],[144.9613615305635,-37.80987131875004],[144.9613574723563,-37.80986899555006],[144.96135207782575,-37.809867641409134],[144.9613465866095,-37.809866374810476],[144.96134409289525,-37.80986506999],[144.9613423397051,-37.809864139361856],[144.96133952697076,-37.80986084643051],[144.96133585578968,-37.80985808024352],[144.96133227638927,-37.80985540486189],[144.96133061239195,-37.809851231543625],[144.96132971392595,-37.80984644065582],[144.96132919639442,-37.80984138691153],[144.96132829792865,-37.8098365960237],[144.9613262518375,-37.80983268644296],[144.96132276801393,-37.80982992259816],[144.96132053211485,-37.80982609984873],[144.96131963364977,-37.809821308960856],[144.96131921285445,-37.80981616587254],[144.96131897938994,-37.80981102602754],[144.96131898186752,-37.809810935952825],[144.96131865775814,-37.809805705322006],[144.96131803972182,-37.809800919289266],[144.96131646386897,-37.80979692773209],[144.96131316242298,-37.809794347279826],[144.96131146869692,-37.80979125485797],[144.9613121261548,-37.80978775255488],[144.9613150043527,-37.809785279092814],[144.9613178973911,-37.809782266083076],[144.96131923584946,-37.80977787439414],[144.9613201189364,-37.809773024233124],[144.96132100584308,-37.809767993903],[144.96132225615844,-37.80976342045274],[144.9613249742528,-37.80975995382586],[144.96132860556682,-37.809757314068236],[144.96133086335914,-37.8097535682179],[144.96133257781963,-37.809749092920946],[144.9613342859826,-37.809744887867815],[144.9613375536798,-37.809741881344046],[144.96134155222109,-37.8097395182967],[144.96134445271394,-37.80973623416129],[144.9613479041281,-37.80973332093558],[144.9613522698972,-37.809731234598544],[144.9613541866633,-37.80972964566637],[144.96135571999338,-37.80972841056621],[144.96135844465087,-37.809680434960335],[144.96131762186997,-37.8096492747443],[144.96131160727018,-37.80964998167029],[144.96130513595767,-37.80965032021824],[144.96129857423207,-37.809650476965246],[144.96129407314075,-37.809650669388645],[144.9612919180667,-37.80965072219441],[144.96128562554108,-37.80965133328841],[144.96128053024958,-37.80965268695261],[144.96127708626963,-37.80965532995226],[144.96127566451602,-37.80965593615987],[144.96127263367833,-37.80965714533168],[144.96127094636248,-37.809657206235656],[144.96126719211463,-37.80965750170625],[144.96126167861672,-37.80965704577656],[144.9612573251305,-37.80965525816655],[144.96125450742744,-37.80965214628357],[144.96125083491737,-37.809649470188624],[144.9612470657218,-37.809646881636],[144.96124511273734,-37.80964297366587],[144.96124373547468,-37.809638534957976],[144.96124197725388,-37.80963436000705],[144.9612384945531,-37.80963159708045],[144.96123822042293,-37.809631321981314],[144.96123491764453,-37.80962883162147],[144.96123239275954,-37.80962527421972],[144.9612291023452,-37.80962233438685],[144.9612255254374,-37.809619568927594],[144.96122376360506,-37.80961548403149],[144.96122305495612,-37.80961060631171],[144.96122301130626,-37.809605379635286],[144.96122324919463,-37.809600158734604],[144.96122338689023,-37.809598539001556],[144.96122376505775,-37.809595031863246],[144.96122482938776,-37.80959036507615],[144.96122754747987,-37.809586898451386],[144.96123118242622,-37.809584167740745],[144.96123326163806,-37.80958005923093],[144.96123414720532,-37.80957511899578],[144.96123457128755,-37.8095699013188],[144.96123481415498,-37.809564499367866],[144.9612349627896,-37.80955909578536],[144.96123482738366,-37.80955377740262],[144.9612343110199,-37.80954872277684],[144.96123303046974,-37.80954419562566],[144.96123002296397,-37.809541170573475],[144.96122673503098,-37.8095381406659],[144.96122507238832,-37.80953387725193],[144.9612237893613,-37.80952944017538],[144.96122193195592,-37.80952544374209],[144.96121806967017,-37.8095228535768],[144.96121439716765,-37.80952017748087],[144.96121148774108,-37.809516972989975],[144.96120695547785,-37.809514912831126],[144.96120108219705,-37.80951390996364],[144.96119482434565,-37.809513260907806],[144.9611887587798,-37.809512434945646],[144.96118364966114,-37.80951090550375],[144.96118355542845,-37.809510903872166],[144.96118007771574,-37.80950795989382],[144.96117697598092,-37.80950493320879],[144.9611729189347,-37.809502610022726],[144.9611702017713,-37.809499229525706],[144.9611688256508,-37.80949479083671],[144.96116744953042,-37.8094903521477],[144.96116492465313,-37.809486794744664],[144.9611613477294,-37.80948403018441],[144.9611592992031,-37.80948020977502],[144.96115839959157,-37.80947541976716],[144.9611578832333,-37.80947036514113],[144.96115698725978,-37.809465484177466],[144.96115522656984,-37.80946139930011],[144.96115174390502,-37.809458635470435],[144.9611483592685,-37.809455694003944],[144.96114583439325,-37.809452136600534],[144.96114244730424,-37.80944928430785],[144.96113906019073,-37.80944643291582],[144.96113749178758,-37.809442171132375],[144.9611367844879,-37.80943720331776],[144.9611365546492,-37.809431973417425],[144.96113622944256,-37.80942674186582],[144.96113571306122,-37.80942168814047],[144.96113452675155,-37.80941716261998],[144.9611316173324,-37.809413958127244],[144.96112775750856,-37.80941127878525],[144.96112532325517,-37.80940781306813],[144.96112222764233,-37.80940460535127],[144.96111855153598,-37.80940201930763],[144.96111631565952,-37.80939819655473],[144.96111541721163,-37.8093934056655],[144.96111528294938,-37.809388087302395],[144.96111514755177,-37.809382768919626],[144.96111501574254,-37.809377361382545],[144.9611150701524,-37.80937195616866],[144.96111446070034,-37.809366899930495],[144.96111327573516,-37.80936228431544],[144.96111036990732,-37.80935899066794],[144.96110698282382,-37.809356138374355],[144.96110531771393,-37.8093519650336],[144.9611040346968,-37.80934752795591],[144.96110237206506,-37.809343264540395],[144.96109917476514,-37.809340326316274],[144.9610960766536,-37.80933720957428],[144.96109488921218,-37.80933268403377],[144.96109427976168,-37.80932762779552],[144.96109404879059,-37.80932239787544],[144.96109382029735,-37.80931707788064],[144.9610931141368,-37.80931211008546],[144.96109286230856,-37.80931102431359],[144.96109276921146,-37.8093110227016],[144.96109249012733,-37.80931092775159],[144.96109239950806,-37.80931083606489],[144.96109221465636,-37.80931074274652],[144.96109035974092,-37.80930665623668],[144.96109036469653,-37.809306476087244],[144.96109046388455,-37.80930629756944],[144.9610905619125,-37.80930611993276],[144.9610890183932,-37.80930438097169],[144.9610859191482,-37.80930126420981],[144.9610844488035,-37.80929682388828],[144.96108421039966,-37.80929186419233],[144.9610838368761,-37.809291857724695],[144.96108365202446,-37.809291764406325],[144.96108365698007,-37.80929158425689],[144.9610771156625,-37.80927741534719],[144.96107712557378,-37.80927705504834],[144.96107731785887,-37.80927687814256],[144.9610775076661,-37.8092767913115],[144.96108591054792,-37.80927432429947],[144.96108628520673,-37.80927433078675],[144.96108718213324,-37.809272363729555],[144.96109118179146,-37.80927000070971],[144.96109682800105,-37.80926901706304],[144.96110302628756,-37.809268403445834],[144.96110904085768,-37.809267696529645],[144.96111441404906,-37.809266438703126],[144.96111804537006,-37.80926379805058],[144.9611214954275,-37.809260974925266],[144.96112595429594,-37.809258889307074],[144.96112949497214,-37.809256157868184],[144.96113239542947,-37.80925287463825],[144.96112639168015,-37.809219163119806],[144.96110451300794,-37.80919391723561],[144.96110031580577,-37.80919330385519],[144.96109738654934,-37.80919082086031],[144.96109427607965,-37.80918815359122],[144.96109011984038,-37.80918600982129],[144.96108682834,-37.80918306906457],[144.96108392252003,-37.809179775416574],[144.96107986546943,-37.80917745312851],[144.96107638168507,-37.809174689277306],[144.9610736645375,-37.809171308778346],[144.9610698022751,-37.80916871860874],[144.96101506736258,-37.809139390101635],[144.96101034534556,-37.809137415866125],[144.96100753014974,-37.809134213903135],[144.9610038565384,-37.809131537781596],[144.96100008737739,-37.809128949221865],[144.96099813689642,-37.80912495117336],[144.96099676079223,-37.8091205124826],[144.96099518992548,-37.809116340772164],[144.96099199511727,-37.8091133124707],[144.96098889590886,-37.809110194805754],[144.96098751980546,-37.80910575611489],[144.9609870059134,-37.809100612314275],[144.96098705785357,-37.80909529717517],[144.96098692855594,-37.80908979866253],[144.96098698545188,-37.80908430337399],[144.9609871390578,-37.80907871964248],[144.96098728034553,-37.80907701075538],[144.96098738439315,-37.809073228518116],[144.96098781346885,-37.80906782979186],[144.96098824006654,-37.809062521140305],[144.96098931049323,-37.80905767422538],[144.9609912941275,-37.80905365418212],[144.96099219293694,-37.80901078276935],[144.961001492237,-37.808968957093384],[144.96098868305256,-37.80892044215736],[144.96098575675754,-37.80887363035173],[144.96098270699486,-37.80883807840737],[144.9609654271027,-37.808802280052724],[144.96093973210387,-37.80877282264351],[144.9609062544086,-37.808736833909926],[144.96088788944013,-37.80871327094884],[144.96088431010992,-37.808710595555176],[144.96088121089744,-37.808707478788556],[144.96087696409748,-37.80870524242432],[144.96087348145292,-37.80870247948815],[144.9608707668092,-37.80869900891032],[144.96086680539034,-37.80869659725239],[144.96086303736627,-37.80869400960927],[144.96086032272333,-37.8086905390312],[144.9608566491636,-37.80868786200491],[144.96085268885633,-37.808685451266946],[144.96084987505125,-37.808682158305515],[144.96084658469277,-37.80867921846315],[144.96084243344507,-37.80867689453592],[144.96083933539586,-37.808673776887204],[144.9608364259927,-37.80867057328877],[144.96083208855327,-37.808668246136854],[144.9608287946075,-37.80866539544835],[144.96082607748912,-37.808662014944275],[144.960822117209,-37.80865960330458],[144.96081844362743,-37.80865692717792],[144.96081572650982,-37.80865354667362],[144.96081205408885,-37.80865086966569],[144.96080799955348,-37.80864845729445],[144.96080528243667,-37.808645076789915],[144.9608019896282,-37.80864222612036],[144.96079765105623,-37.8086398989476],[144.96079474165623,-37.808636695348206],[144.96079164361066,-37.808633577698316],[144.96078749236727,-37.80863125376924],[144.96078420203827,-37.80862831302453],[144.9607813882136,-37.80862502096233],[144.96077742791218,-37.80862261022197],[144.9607737543588,-37.80861993319324],[144.9607733957075,-37.80861938627647],[144.960771040858,-37.80861646263293],[144.96076727170606,-37.80861387496727],[144.9607634070048,-37.808611374863226],[144.96076078546568,-37.80860790589528],[144.96075749511397,-37.80860496605059],[144.96075363041354,-37.80860246594623],[144.9607514901528,-37.808598554724696],[144.960750207168,-37.80859411764361],[144.96074873189943,-37.80858985746779],[144.96074572940725,-37.80858665225507],[144.9607423448504,-37.80858370987733],[144.96074077535096,-37.80857944806953],[144.96073997364462,-37.80857456873501],[144.96073945731843,-37.80856951410741],[144.9607385563997,-37.808564814191136],[144.96073650926164,-37.808560903680835],[144.96073283930147,-37.80855813749665],[144.9607304075713,-37.80855458169753],[144.96072921881986,-37.808550146248145],[144.96072784521922,-37.80854561747987],[144.96072532039355,-37.80854206006842],[144.96072155127172,-37.80853947150065],[144.96071931182658,-37.80853573879608],[144.96071802997997,-37.80853130173434],[144.9607165571925,-37.80852695148348],[144.96071365027848,-37.80852365780755],[144.96070959577804,-37.80852124453242],[144.96070716270725,-37.80851777882722],[144.9607041590844,-37.808514573593854],[144.9607003911,-37.80851198504514],[144.960697868755,-37.80850833755843],[144.96069687115465,-37.8085037251839],[144.96069626173568,-37.8084986689439],[144.9606955519936,-37.808493791201705],[144.96069408034344,-37.808489440970256],[144.96069098114805,-37.80848632419902],[144.96068797866243,-37.808483118984945],[144.96068688548874,-37.80847859507276],[144.96068627493523,-37.80847353881306],[144.96068614318068,-37.808468130374905],[144.96068610452213,-37.80846272354904],[144.96068616254828,-37.808457229181144],[144.9606862194639,-37.80845173389282],[144.96068617832705,-37.80844641714165],[144.96068576005746,-37.80844118397674],[144.9606848591681,-37.80843648315934],[144.96068233548337,-37.808432925766716],[144.9606788566798,-37.80842998265618],[144.96067718913451,-37.80842589938476],[144.96067648300772,-37.80842093158741],[144.9606761564919,-37.808415790129125],[144.96067591563735,-37.80841092050722],[144.9606759280285,-37.80841047013368],[144.96067541418557,-37.80840532543116],[144.96067469814614,-37.80840071793262],[144.9606724537508,-37.80839716537668],[144.96066943392177,-37.808394590685154],[144.9606683060797,-37.808391326917956],[144.96066961480847,-37.80838801613231],[144.96067277089057,-37.80838563851642],[144.96067520853813,-37.80838216704668],[144.96067617978565,-37.80837749865187],[144.96067697609712,-37.80837237663925],[144.9606774969419,-37.80836706962071],[144.96067810592606,-37.80836194436386],[144.96067908460773,-37.80835700574487],[144.9606810682381,-37.80835298570631],[144.96068479373406,-37.80835034759857],[144.96068760355567,-37.808346972691645],[144.9606892224441,-37.80834258586569],[144.9606907482365,-37.8083381974274],[144.9606931897274,-37.80833454488738],[144.96069709759263,-37.80833209017284],[144.96069972390706,-37.8083285318523],[144.96070134392963,-37.80832414504577],[144.96070286724265,-37.80831984668201],[144.9607058608005,-37.80831656417309],[144.96070995351303,-37.808314202776934],[144.96071303518497,-37.80831110293022],[144.9607161204949,-37.80830791212761],[144.96072048619487,-37.80830582581162],[144.9607238444677,-37.80830291099006],[144.96072665069698,-37.808299625236394],[144.96073065279032,-37.80829717215253],[144.96073401106236,-37.80829425733067],[144.96073571808626,-37.808290052265576],[144.96073743120155,-37.80828566707067],[144.960739688975,-37.80828192123035],[144.96074378168456,-37.80827955983294],[144.96074723305105,-37.808276646622886],[144.96074995113878,-37.808273179106926],[144.96075376476776,-37.808270722758444],[144.96075730788638,-37.80826790125466],[144.96075910666124,-37.808263787895726],[144.9607608197745,-37.80825940270043],[144.96076298579297,-37.808255565153],[144.96076689365165,-37.808253110435906],[144.96077043429082,-37.808250379006395],[144.9607733372251,-37.80824700480861],[144.96077724508302,-37.80824455009113],[144.9607812435583,-37.80824218706046],[144.96078423958753,-37.808238814474585],[144.96078786836492,-37.80823626480611],[144.96079214098773,-37.808234175974334],[144.9607954111149,-37.80823107938891],[144.96079922721827,-37.80822853296412],[144.96080460036285,-37.808227274248786],[144.9608100627822,-37.808226197314454],[144.96081507363846,-37.808224482637776],[144.9608181539843,-37.80822147198164],[144.96082187946874,-37.80821883386919],[144.96082624518533,-37.80821674664826],[144.96082932684828,-37.808213646798194],[144.96083259449497,-37.80821064028637],[144.9608369602108,-37.80820855306502],[144.96084031847462,-37.80820563823987],[144.96084330951885,-37.808202446702516],[144.9608477694649,-37.80820036111254],[144.96085158556488,-37.80819781468593],[144.96085466836132,-37.8081947148548],[144.96085930706394,-37.80819290271279],[144.9608648650537,-37.80819173731324],[144.96087023569186,-37.80819056957028],[144.96087432841708,-37.808188207267285],[144.96087741121215,-37.80818510743549],[144.9608818700209,-37.80818302182451],[144.96088577539393,-37.80818065717795],[144.9608888606662,-37.80817746727113],[144.96089340874923,-37.808175563440884],[144.9608989667372,-37.808174398039675],[144.9609044316046,-37.80817323192683],[144.96090861246756,-37.80817105138413],[144.96091169660312,-37.808167861456994],[144.96091587860093,-37.80816568093366],[144.960920152534,-37.808163502903334],[144.96092332842179,-37.80816040468234],[144.96092797073388,-37.80815850248245],[144.96093389098377,-37.808157793940794],[144.96094036216635,-37.80815745540945],[144.960946925102,-37.808157208584205],[144.9609534880376,-37.80815696175859],[144.96095968734204,-37.80815634906656],[144.96096082007762,-37.8081560082106],[144.96096487810811,-37.80815490695047],[144.96096823388666,-37.80815208219613],[144.96097259959535,-37.80814999496952],[144.9609782493334,-37.808148921270885],[144.9609838954334,-37.80814793852781],[144.96098863083887,-37.80814603793749],[144.96099198661616,-37.80814321318242],[144.96099662531236,-37.808141401034824],[144.9610026397913,-37.80814069412131],[144.96100892725886,-37.80814026228739],[144.96101512542626,-37.80813964957275],[144.9610204985611,-37.80813839084724],[144.9610241322812,-37.80813566102162],[144.961027675408,-37.80813283860841],[144.96103213036454,-37.80813093406136],[144.961034039661,-37.8081296153572],[144.96103262888153,-37.80812643771285],[144.9610141591918,-37.808058993779454],[144.96101331431313,-37.80805906926748],[144.96100702933032,-37.80805941102713],[144.96100092176252,-37.80806011632905],[144.9609955486579,-37.80806137415307],[144.96099182316277,-37.80806401317225],[144.96098764233307,-37.80806619281744],[144.9609819019838,-37.808067174829965],[144.96097570627535,-37.808067698369065],[144.96096941881387,-37.808068130201384],[144.96096687924666,-37.808068535913215],[144.96096349364055,-37.80806901799378],[144.96095903731882,-37.808071013533436],[144.96095549669522,-37.808073744969136],[144.96095039903025,-37.808075188697075],[144.9609442914608,-37.808075893996005],[144.96093791090294,-37.808076324214554],[144.96093189758892,-37.808077030243815],[144.9609267974454,-37.808078564045424],[144.9609234416688,-37.80808138879867],[144.96091971864806,-37.80808393774071],[144.96091535792254,-37.80808584391526],[144.96091210130706,-37.8080884910512],[144.96090904329682,-37.80809069013685],[144.9609047246706,-37.80809106594138],[144.9609013935776,-37.80808956637616],[144.960898553645,-37.80808726515857],[144.96089454269824,-37.80808665499673],[144.96089076870578,-37.80808767105543],[144.96088818205655,-37.8080897881853],[144.9608846016888,-37.80809053724383],[144.9608813598712,-37.80808921945925],[144.96088014138135,-37.808085864907724],[144.96088025038665,-37.80808190252064],[144.9608821273776,-37.808078331219846],[144.9608862101843,-37.8080763292151],[144.9608914877182,-37.80807515985876],[144.96089686085017,-37.808073901138826],[144.96090076869476,-37.80807144641682],[144.96090431182287,-37.80806862400732],[144.96090931771047,-37.808067089475664],[144.96091478259453,-37.80806592246135],[144.960919606136,-37.80806420363523],[144.9609223217049,-37.80806082709019],[144.9609235733536,-37.808056163548414],[144.96092427654807,-37.80805103992118],[144.9609248879895,-37.808045824587516],[144.96092559115894,-37.808040701861025],[144.9609268439424,-37.80803603833884],[144.96092937964207,-37.808032387424845],[144.9609332838702,-37.80803002275671],[144.96093645975148,-37.80802692453513],[144.9609394519442,-37.808023732113824],[144.96094381762114,-37.8080216457888],[144.96094754309092,-37.808019007671845],[144.96095071899592,-37.808015908549095],[144.96095526456472,-37.80801409569157],[144.96096082253962,-37.80801293028702],[144.9609660132955,-37.808011488170536],[144.96096928092754,-37.808008481654426],[144.96097117525707,-37.80800427982888],[144.96097288339553,-37.808000074779216],[144.96097385223828,-37.807998920026385],[144.96097587442551,-37.807996883238005],[144.9609801495071,-37.807994704324024],[144.96098332290705,-37.80799169617578],[144.9609867753858,-37.80798878297757],[144.96099177881337,-37.80798733761617],[144.9609971519374,-37.80798607889141],[144.9610021627732,-37.8079843642061],[144.96100469598957,-37.80798080336503],[144.96100640412558,-37.807976598314795],[144.96100820535673,-37.80797239487655],[144.96101165783367,-37.80796948167754],[144.96101519845007,-37.8079667502399],[144.96101727514645,-37.8079627318066],[144.961018985759,-37.80795843668142],[144.9610212435078,-37.8079546908348],[144.96102560917836,-37.80795260450653],[144.961031072917,-37.80795143746684],[144.9610364460378,-37.80795017874018],[144.9610405387196,-37.80794781733151],[144.96104389448564,-37.80794499257458],[144.9610489946176,-37.80794345876752],[144.9610547349565,-37.8079424767514],[144.96106010805153,-37.80794121892438],[144.96106383106022,-37.807938669977474],[144.9610675565216,-37.80793603185645],[144.9610729321185,-37.80793468305332],[144.9610784851304,-37.807933697792464],[144.96108349100547,-37.807932163253],[144.96108694102463,-37.807929339225616],[144.96109038988345,-37.8079265160792],[144.96109484978123,-37.80792443137985],[144.96109820804662,-37.80792151564579],[144.961101290821,-37.80791841580741],[144.96110565651207,-37.807916328575295],[144.96110947258856,-37.80791378213953],[144.96111274021044,-37.80791077561907],[144.96111765435512,-37.80790914847103],[144.96112357706124,-37.807908349844446],[144.96112995760396,-37.807907919615346],[144.9611361568864,-37.80790730691338],[144.96114134267646,-37.8079060449383],[144.9611450706359,-37.80790331583919],[144.96114934206955,-37.80790122787457],[144.96115517415703,-37.80790033755973],[144.96115995804084,-37.8079000599191],[144.96112025476106,-37.80780098383891],[144.96091174918303,-37.80733858814352],[144.96082629254653,-37.80714934099272],[144.9607374007356,-37.8069521967582],[144.96095040337337,-37.80689011203353],[144.96116340925747,-37.80682793775815]],[[144.96067440027673,-37.808081310665436],[144.96067574862562,-37.808076559584755],[144.9606785622825,-37.80807300360778],[144.9606827455994,-37.8080707338991],[144.960686108819,-37.80806763892884],[144.96068983680294,-37.808064909844944],[144.96069548899132,-37.80806374698584],[144.96070214997067,-37.80806332163685],[144.9607090825944,-37.808063261462394],[144.9607160152182,-37.808063201287545],[144.96072295032008,-37.80806305103755],[144.9607296980957,-37.80806289754303],[144.96073599299194,-37.808062195499396],[144.9607410980941,-37.80806048155669],[144.96074464120275,-37.80805766005292],[144.9607497451691,-37.80805594609016],[144.96075575961805,-37.80805524008987],[144.96076223574826,-37.80805472141866],[144.96076825517795,-37.80805383436755],[144.96077317543063,-37.80805202710463],[144.96077580420902,-37.808048378707134],[144.96077760793312,-37.80804408519817],[144.9607798731061,-37.80804007003326],[144.96078378343066,-37.808037525240465],[144.96078760202698,-37.80803488784022],[144.9607907828705,-37.80803160947329],[144.96079542649548,-37.80802961808482],[144.96080126603073,-37.8080284575638],[144.96080682153078,-37.808027382241335],[144.9608110990721,-37.80802511415975],[144.96081463610983,-37.80802247188272],[144.96081981806736,-37.80802139099209],[144.96082562425212,-37.80802140142151],[144.96083102720843,-37.808022485378316],[144.96083470455602,-37.80802498223559],[144.9608387590591,-37.8080273946052],[144.96084453416574,-37.80802857602473],[144.96085107231016,-37.808029229951735],[144.96085789583236,-37.80802970858497],[144.96086472048998,-37.80803018723748],[144.96087097459977,-37.80803092636241],[144.96087627207228,-37.80803245907866],[144.9608795599017,-37.80803548989518],[144.96088266652114,-37.808038336437185],[144.960886348852,-37.80804065224273],[144.96088747669916,-37.80804391600814],[144.96088617046473,-37.808047136722124],[144.96088263975153,-37.80804950785672],[144.96088020323566,-37.80805298025193],[144.9608787680786,-37.8080574603802],[144.96087705002154,-37.80806202572713],[144.96087424135507,-37.80806540065895],[144.96087042030692,-37.80806812723603],[144.96086843421705,-37.808072237353166],[144.96086736132168,-37.808077174342664],[144.9608663752231,-37.8080823831881],[144.9608653072834,-37.8080871400281],[144.96086276664747,-37.808090970189234],[144.96085857837866,-37.80809342005385],[144.96085530689294,-37.808096607636465],[144.96085231224038,-37.808099889229375],[144.96084794407827,-37.808102065625505],[144.96084403238487,-37.808104701415495],[144.9608405774171,-37.80810770468387],[144.96083547726974,-37.808109238481414],[144.96082927412303,-37.808110032236826],[144.9608227993558,-37.80811045991648],[144.96081659620887,-37.808111253671214],[144.96081158533565,-37.808112969248945],[144.96080831521456,-37.808116065835044],[144.96080431672235,-37.80811842976767],[144.9607999535139,-37.8081204260125],[144.9607968781527,-37.8081232556181],[144.9607933647547,-37.80812499712753],[144.96078906099453,-37.808124832479436],[144.96078602878163,-37.80812270816461],[144.96078270625932,-37.80812093839157],[144.9607782077387,-37.808121040723215],[144.96077468693093,-37.80812305155546],[144.9607711537077,-37.80812551366195],[144.96076577943475,-37.80812677235631],[144.9607599460075,-37.80812775184483],[144.9607547527617,-37.80812928402656],[144.96075139449823,-37.80813219884933],[144.96074692959758,-37.80813446458514],[144.96074127853976,-37.808135627466235],[144.96073544395145,-37.80813660783458],[144.96073061544496,-37.80813850680233],[144.96072716294924,-37.80814141999246],[144.96072215207204,-37.80814313556628],[144.96071585964694,-37.80814374753425],[144.96070901631498,-37.808143988589485],[144.96070208368369,-37.80814404876369],[144.9606951510524,-37.80814410893752],[144.9606882159429,-37.80814425918564],[144.96068174228273,-37.80814468777782],[144.96067609006312,-37.80814585153682],[144.96067226900365,-37.808148578107094],[144.96066863163213,-37.808151398877236],[144.96066398799618,-37.80815339026036],[144.96066025755326,-37.8081562085172],[144.96065671441184,-37.808159030918915],[144.96065115146527,-37.80816037645804],[144.96064495329398,-37.80816098915338],[144.9606384784969,-37.80816141772348],[144.96063227534415,-37.80816221146831],[144.96062753992916,-37.808164112043976],[144.96062390257995,-37.808166931911934],[144.9606188010815,-37.80816855579419],[144.96061250620014,-37.80816925693052],[144.9606060314022,-37.80816968549881],[144.96059964340023,-37.80817038592285],[144.96059445262668,-37.80817182802262],[144.96059081888953,-37.808174557834455],[144.9605862671857,-37.80817655170782],[144.96058016324363,-37.8081771660317],[144.96057369835825,-37.80817723429936],[144.96056743566953,-37.80817676536283],[144.96056706460521,-37.80817666971974],[144.96056194208919,-37.80817558970668],[144.96055827465736,-37.80817273254216],[144.9605550848632,-37.80816952408067],[144.9605510303622,-37.808167111701394],[144.96054841382954,-37.80816346167904],[144.96054732810333,-37.80815866754161],[144.9605467211499,-37.808153522126986],[144.9605460150337,-37.80814855432896],[144.9605444505105,-37.80814411236943],[144.96054135001705,-37.80814108478831],[144.96053853735626,-37.80813779274056],[144.9605378152351,-37.808133365371084],[144.96053812893396,-37.80812877570637],[144.96054001451287,-37.808124934207115],[144.96054240261478,-37.80812326333326],[144.96054373752347,-37.80812238617827],[144.96054645809286,-37.80811882859234],[144.96054808191587,-37.808114262519574],[144.96054970080675,-37.80810987569548],[144.96055279107145,-37.8081065047476],[144.9605569768723,-37.808104144968866],[144.9605600646333,-37.80810086499623],[144.96056333478853,-37.80809776751655],[144.96056770543657,-37.80809550105651],[144.96057115927917,-37.80809249777678],[144.9605743352027,-37.808089398664755],[144.96057870089328,-37.80808731235369],[144.96058223659904,-37.8080847601784],[144.9605853045316,-37.8080822008027],[144.9605895399761,-37.808081463098716],[144.9605932520143,-37.808082698917474],[144.96059608945862,-37.808085090216885],[144.96060028277213,-37.808085883782574],[144.96060434080354,-37.8080847825349],[144.96060768915723,-37.80808222801522],[144.96061241104064,-37.80808077779406],[144.9606184180826,-37.80808034112428],[144.96062478377223,-37.80808045137134],[144.96063085169223,-37.80808118728446],[144.96063567777625,-37.808082802866416],[144.9606383887739,-37.80808636350411],[144.9606402411584,-37.808090540094994],[144.96064256872612,-37.80809445456256],[144.96064700776728,-37.808096514029096],[144.9606528883625,-37.80809724669686],[144.96065916095816,-37.80809735532983],[144.96066507511333,-37.80809682693137],[144.96066971742752,-37.808094924741724],[144.96067207074702,-37.80809109134084],[144.96067341912104,-37.808086339359434],[144.96067440027673,-37.808081310665436]],[[144.96408040935026,-37.817368127302345],[144.96408486366443,-37.81736622263666],[144.9640882222611,-37.81736330683061],[144.96409213298378,-37.81736076194258],[144.96409777978175,-37.81735977816985],[144.964104154842,-37.81735961804706],[144.96411042214967,-37.81735990664858],[144.96411620546115,-37.817360817704035],[144.96412045287326,-37.81736305306468],[144.96412355007175,-37.817366260731575],[144.96412769829186,-37.817368674611984],[144.964131465498,-37.81737135315815],[144.9641341781223,-37.8173749137443],[144.96413573672336,-37.81737611222152],[144.96413784863606,-37.817377679834784],[144.9641411430855,-37.81738053044157],[144.96414279996824,-37.81738497394881],[144.96414360065395,-37.81738994245618],[144.9641440463882,-37.81739418568818],[144.96414890867823,-37.817404720691975],[144.96415028106526,-37.81740591594931],[144.9641515965564,-37.817409182025415],[144.96415138940756,-37.817409899384174],[144.96415047649333,-37.81741240598988],[144.96414751239593,-37.817414607678316],[144.96414602619183,-37.817417554959356],[144.96414696450748,-37.817420904631554],[144.96415027133315,-37.8174233048643],[144.96415337845943,-37.817426151330665],[144.96415580946865,-37.81742970794829],[144.96415948246067,-37.81743238396342],[144.96416267527073,-37.81743550226372],[144.96416414594088,-37.817439942551],[144.96416484988598,-37.81744500040424],[144.96416546072365,-37.817450056647644],[144.96416654926898,-37.8174547606805],[144.96416925942307,-37.817458411340716],[144.96417264700943,-37.81746126265582],[144.96417449864578,-37.81746544007846],[144.96417520756606,-37.81747031688138],[144.96417581345497,-37.81747555327425],[144.96417670970118,-37.81748043421724],[144.96417856497317,-37.817484520683934],[144.96418213988684,-37.81748737613887],[144.96418466155683,-37.8174910235398],[144.96418565452154,-37.81749581603744],[144.96418626288613,-37.81750096235549],[144.96418696933264,-37.817505929233114],[144.9641883457625,-37.81751036789066],[144.96419153607744,-37.81751357716578],[144.964194731367,-37.81751660539055],[144.96419639186587,-37.81752095884199],[144.9641976702394,-37.81752557603913],[144.96419961862114,-37.817529664115355],[144.9642032891201,-37.81753243110478],[144.96420619405367,-37.81753581477921],[144.9642074773775,-37.81754025182673],[144.9642088488596,-37.817544870633576],[144.96421117936808,-37.8175486949639],[144.9642148523679,-37.817551370977476],[144.96421708976925,-37.817555193697864],[144.9642180791265,-37.817560076250395],[144.96421850261768,-37.817565129254284],[144.9642193963928,-37.817570100271766],[144.96422105441945,-37.81757454379767],[144.96422424971274,-37.817577572021705],[144.96422715348874,-37.81758095657678],[144.9642284343398,-37.81758548369887],[144.96422904518255,-37.81759053994198],[144.96422965357542,-37.81759568535912],[144.96423083770895,-37.81760030092649],[144.96423345607812,-37.8176038607819],[144.96423693544187,-37.81760680379956],[144.9642385948096,-37.817611157230864],[144.96423920812788,-37.81761612339914],[144.96423952995332,-37.81762144499786],[144.9642397562211,-37.81762685416074],[144.96424017723925,-37.81763199723933],[144.96424135642448,-37.817636792956144],[144.96424416825593,-37.81764017501995],[144.96424764893627,-37.81764302884368],[144.96424949926646,-37.81764729545892],[144.96425078011984,-37.81765182258078],[144.96425234885623,-37.81765608432734],[144.96425573150518,-37.817659115789844],[144.96425882513608,-37.817662412607916],[144.96425933769495,-37.81766422382087],[144.9642600104078,-37.81766702819467],[144.964260430292,-37.81767217125357],[144.96426056095405,-37.817677669782185],[144.96426041002184,-37.81768316344214],[144.96426016732104,-37.81768856539792],[144.9642595510783,-37.81769395999417],[144.96425839008043,-37.817698715250174],[144.9642558517389,-37.81770245539946],[144.96425185034514,-37.81770490950862],[144.96424876479807,-37.81770809949149],[144.96424576854457,-37.817711471253254],[144.96424158227362,-37.81771383204803],[144.9642385884943,-37.81771711373481],[144.9642369684481,-37.81772150058355],[144.9642352528191,-37.81772597589721],[144.96423235080755,-37.81772934928802],[144.9642281633997,-37.81773171006266],[144.96422507898595,-37.817734900064465],[144.9642219003286,-37.817738088436734],[144.96421743741044,-37.81774026421234],[144.9642139857178,-37.81774317751099],[144.96421099327534,-37.81774636910258],[144.9642065314918,-37.81774854489739],[144.96420271138487,-37.81775118147318],[144.96419944209276,-37.81775427816018],[144.96419470861306,-37.81775608878669],[144.9641889650676,-37.81775716100845],[144.9641833121798,-37.817758324013795],[144.96417921767275,-37.81776077651046],[144.96417549180757,-37.81776341471479],[144.9641699331377,-37.817764580249694],[144.96416336440228,-37.81776500737959],[144.96415642838886,-37.81776515780607],[144.96414949732514,-37.817765128082655],[144.9641424720181,-37.817765096729296],[144.96411391515034,-37.81776460296316],[144.9641068959287,-37.8177643914778],[144.9640997824638,-37.81776417836245],[144.9640930461763,-37.8177638816509],[144.9640864140319,-37.81776322626953],[144.96408082546566,-37.81776204822701],[144.96407687086625,-37.817759367340116],[144.96407310477855,-37.81775668881149],[144.96406771096431,-37.817755244684356],[144.9640620317661,-37.81775397495627],[144.96405692699645,-37.81775226457275],[144.96405363745964,-37.81774923471464],[144.9640495823292,-37.81774682244119],[144.96404399737528,-37.81774555434184],[144.96403832065323,-37.8177441945379],[144.96403369357017,-37.81774213284425],[144.96403087929465,-37.817738839949634],[144.9640269233588,-37.81773624915552],[144.9640228671192,-37.8177338359608],[144.96401996579738,-37.817730362226854],[144.96401648396196,-37.81772750927768],[144.96401242885864,-37.817725096102244],[144.9640095250626,-37.817721712442804],[144.96400633358698,-37.81771850404394],[144.9640023752028,-37.81771600242305],[144.96399994550714,-37.81771235660873],[144.9639984784527,-37.81770782626462],[144.9639971008958,-37.81770338758559],[144.96399419710127,-37.817700003925815],[144.96399126002086,-37.81769779031733],[144.96399052546693,-37.8176972369103],[144.9639885770929,-37.817693148830905],[144.96398807194092,-37.8176910682935],[144.96398408456088,-37.81768280044986],[144.9639823473699,-37.817681238412305],[144.96397905897473,-37.8176782085719],[144.96397749159343,-37.817673856727765],[144.9639761176488,-37.81766932799339],[144.96397407255796,-37.81766532835892],[144.9639702097605,-37.81766273827229],[144.96396682712344,-37.81765970680192],[144.96396430432355,-37.81765605937693],[144.96396063135288,-37.81765338245495],[144.96395744101767,-37.817650174074494],[144.96395606707466,-37.817645645339944],[144.96395545625035,-37.81764058909597],[144.96395522755304,-37.81763526910712],[144.96395490819836,-37.817629858334264],[144.9639542973742,-37.817624802090286],[144.96395282671352,-37.81762036180077],[144.96394944410383,-37.81761732942922],[144.96394644112144,-37.8176141242882],[144.96394497159693,-37.81760968401823],[144.96394369323806,-37.817605066818814],[144.96394164567556,-37.81760115725858],[144.9639379751587,-37.817598391161965],[144.96393545238695,-37.81759474283566],[144.9639342732222,-37.817589947116346],[144.96393385220074,-37.81758480493801],[144.96393295596965,-37.817579923993684],[144.9639314853111,-37.817575483703926],[144.96392819581186,-37.81757245294185],[144.96392452529693,-37.81756968684486],[144.96392200250202,-37.81756603941906],[144.96391861987124,-37.81756300794742],[144.96391504248945,-37.81756024255947],[144.96391319084108,-37.81755606603391],[144.96391238771923,-37.817551186699504],[144.96391178050897,-37.81754604040026],[144.96391078756156,-37.81754124790083],[144.9639083614864,-37.81753751202971],[144.96390440195486,-37.817535011286935],[144.96390130228426,-37.817531893689186],[144.963898016374,-37.81752877377198],[144.96389319205713,-37.81752706913244],[144.96388798068836,-37.817525807486135],[144.96388371844841,-37.81752411166481],[144.96388239801712,-37.81752102573554],[144.9638836993584,-37.81751798514371],[144.96388695001147,-37.817515608182305],[144.9638890205558,-37.817511859951566],[144.96388990245532,-37.81750700975541],[144.96389023333913,-37.81750178956057],[144.96389038182264,-37.81749638597645],[144.96389024487306,-37.817491158592695],[144.96388944175325,-37.817486279258155],[144.96388701815602,-37.8174824533119],[144.96388363060487,-37.81747960108812],[144.96388158552386,-37.817475601452195],[144.96388068929724,-37.81747072050752],[144.96388017519706,-37.81746557581819],[144.96387991946588,-37.81746467112159],[144.96387992441618,-37.81746449097209],[144.96387540357458,-37.817455132489194],[144.96387366010103,-37.817453840694064],[144.9638702774772,-37.81745080922122],[144.96386784782104,-37.81744716250371],[144.96386417483924,-37.81744448647978],[144.96386116691698,-37.81744146148629],[144.96386015912293,-37.81743720943499],[144.96386056197468,-37.81743280154268],[144.96386235339978,-37.81742895836803],[144.96386282863338,-37.817428696233506],[144.96386616248984,-37.817426681181644],[144.9638694180649,-37.81742412497183],[144.96387239702153,-37.817421382842156],[144.963872586847,-37.81742129600721],[144.96387645055214,-37.817420462546885],[144.9638801680858,-37.817421517224965],[144.96388291780184,-37.817423727596086],[144.9638866427364,-37.81742451295048],[144.96389042325947,-37.81742331667991],[144.96389248276486,-37.81741992872831],[144.9638943733811,-37.81741590703333],[144.96389515248381,-37.817414839095406],[144.9638970892046,-37.817412529529925],[144.96390182016884,-37.81741080989036],[144.96390802159831,-37.81741010607045],[144.96391224270212,-37.817409908710914],[144.96391468207077,-37.81740977065836],[144.96392133893264,-37.817409525300995],[144.9639279051621,-37.817409188258466],[144.96393383108372,-37.81740829943793],[144.96393838707195,-37.8174061261834],[144.96394201981926,-37.81740348637613],[144.963947583415,-37.81740214070172],[144.96394880309916,-37.817402071675076],[144.9639536881255,-37.817401525324456],[144.96396016372185,-37.81740109659535],[144.96396617779982,-37.81740038953266],[144.96397119035495,-37.81739867475954],[144.9639748269401,-37.817395853881294],[144.96397965461946,-37.8173940457934],[144.96398576180414,-37.8173933403397],[144.96399223739965,-37.817392911608785],[144.963998438827,-37.81739220778403],[144.96400381618142,-37.81739085978771],[144.96400735852214,-37.817388037278775],[144.96401108684856,-37.81738530900451],[144.96401573215087,-37.81738331662523],[144.9640192756015,-37.81738049503634],[144.96402224215134,-37.817378204177174],[144.9640230039271,-37.817377766761645],[144.96402847080176,-37.81737650952845],[144.96402875486982,-37.817376424322845],[144.96403467336293,-37.81737580572138],[144.96404124206416,-37.817375378597674],[144.96404697565706,-37.81737466758204],[144.96405161239755,-37.81737294540596],[144.96405486548903,-37.817370479265506],[144.9640590146219,-37.81736946959824],[144.96406301867404,-37.81737034989085],[144.9640657623334,-37.81737273948696],[144.96406957161085,-37.81737388676414],[144.96407371331904,-37.81737314732062],[144.9640767815345,-37.81737058786531],[144.96408040935026,-37.817368127302345]]]},"properties":{"OBJECTID":7,"STUDY_NAME":"ELIZABETH ST DRAIN (CITY)","UPSTREAM_LIMIT":"THERRY STREET MELBOURNE","DOWNSTREAM_LIMIT":"YARRA RIVER","STUDY_BY":"WATER TECHNOLOGY","STUDY_DATE":1504137600000,"ACCEPTED_ON":null,"ACCEPTED_BY":"CITY OF MELBOURNE","SURVEY_SOURCES":"LIDAR","CALCULATION_METHOD":null,"FLOOD_TYPE":"Underground Drains","FLOOD_EVENT":"1PCT","MODELLING_SCENARIO":"Yr 2100, RCP 8.5","COMMENTS":"CITY OF MELBOURNE FLOOD MAPPING FOR PLANNING SCHEME AMENDMENT","MERGE_SRC":"CC_Flood_Extent_1PCT_UGDrains_2100"}},{"type":"Feature","id":8,"geometry":{"type":"Polygon","coordinates":[[[144.96240168874164,-37.81845857084637],[144.96240641980575,-37.81845685127012],[144.96241197607497,-37.81845577589557],[144.96241743923545,-37.81845469890949],[144.96242143574997,-37.81845242591595],[144.9624249743829,-37.818449783627315],[144.96243025264224,-37.81844861422452],[144.96243616380013,-37.81844826593034],[144.96244234055754,-37.818448462937184],[144.96243661033833,-37.81844566024977],[144.96243456283534,-37.81844175066546],[144.96243327960542,-37.81843731360184],[144.96243171096035,-37.81843305183412],[144.96242851818423,-37.81842993348822],[144.96242455868338,-37.81842743179534],[144.96242212770363,-37.81842387604475],[144.96241902803692,-37.81842075930987],[144.96241535258585,-37.81841817331589],[144.9624132120009,-37.81841426121924],[144.96241240649462,-37.81840947195248],[144.96241217788364,-37.81840415286518],[144.9624121366501,-37.8183988361193],[144.962412004785,-37.818393427687504],[144.9624117761988,-37.81838810769943],[144.96241135644152,-37.81838296463811],[144.9624098858613,-37.818378524332076],[144.9624067861969,-37.81837540759694],[144.96240311322552,-37.81837273152799],[144.962400775357,-37.81836917738827],[144.9623975801326,-37.81836614821552],[144.9623939035495,-37.81836356220131],[144.96239185718636,-37.818359652636],[144.96239077122087,-37.81835485851559],[144.96239034785262,-37.818349805509236],[144.9623894492398,-37.81834501463105],[144.962387783878,-37.818340841306515],[144.9623843032155,-37.81833798832998],[144.96238149012913,-37.818334695417356],[144.96238011131845,-37.81833034681659],[144.96237892367898,-37.818325821289115],[144.9623766874881,-37.818321998555966],[144.9623732032144,-37.81831923563412],[144.96237068047355,-37.81831558817695],[144.96236978186238,-37.81831079729865],[144.96236936210818,-37.818305654237214],[144.962369131048,-37.818300424323716],[144.96236880574395,-37.818295192779296],[144.96236800385404,-37.81829031345727],[144.9623663384945,-37.818286140132464],[144.96236285783533,-37.81828328715536],[144.9623604257275,-37.81827973138396],[144.96235933481088,-37.81827511741262],[144.96235872275108,-37.81827015125816],[144.9623580164475,-37.81826518347275],[144.96235682881024,-37.81826065794508],[144.96235410881155,-37.818257367543936],[144.96235053507056,-37.818254512054445],[144.96234877299182,-37.81825042717311],[144.9623474909053,-37.818245990128325],[144.962345731304,-37.8182418151723],[144.96234234375603,-37.81823896380596],[144.96233867081835,-37.81823628683447],[144.9623363304799,-37.81823282276825],[144.96233331763707,-37.818229977886276],[144.96233000836068,-37.8182276676781],[144.9623289745339,-37.81822440645724],[144.96233027347475,-37.818221455959765],[144.96233323765745,-37.81821925431988],[144.96233453659804,-37.818216303822325],[144.96233359835662,-37.81821295413819],[144.9623304825227,-37.818210467042704],[144.96232794740197,-37.818207269957966],[144.96232675481315,-37.818202924579325],[144.96232547159323,-37.8181984875147],[144.96232323540872,-37.818194664780634],[144.96231955999679,-37.81819207788326],[144.96231684743347,-37.81818851725738],[144.96231565732268,-37.818184081804],[144.96231437771627,-37.818179554684264],[144.9623118525057,-37.81817599730064],[144.96230836578874,-37.81817332355097],[144.96230631943502,-37.81816941398431],[144.9623052310002,-37.81816470993788],[144.96230461780914,-37.81815974376354],[144.96230362607065,-37.8181549521742],[144.96230167285063,-37.818151043318075],[144.96229742431686,-37.8181488078727],[144.9622925044395,-37.81814719073017],[144.96228759196902,-37.81814530426425],[144.96228487447937,-37.818141922886255],[144.9622838778128,-37.81813731054531],[144.9622834569048,-37.81813216836472],[144.96228322832783,-37.818126848376465],[144.96228318957992,-37.81812144155595],[144.9622830577238,-37.81811603312404],[144.96228254011987,-37.818110978486324],[144.9622813561019,-37.81810636290299],[144.96227854052665,-37.818103160963545],[144.96227477085228,-37.81810057333464],[144.96227215256278,-37.818097013438134],[144.96226914963643,-37.81809380825609],[144.96226537748572,-37.81809131070156],[144.9622630470637,-37.81808748633544],[144.96226223909258,-37.81808278714245],[144.96226153279673,-37.818077819356546],[144.96226073091557,-37.81807294003389],[144.9622590630893,-37.818068856782396],[144.96225557637922,-37.81806618303132],[144.96225208582572,-37.81806369034986],[144.96224963752525,-37.818060765118595],[144.9622462029473,-37.8180596242673],[144.96224261219618,-37.81806073365105],[144.96224073747203,-37.81806421488783],[144.96223995486105,-37.818068796435675],[144.96223962881118,-37.81807383647269],[144.96223957942703,-37.818079060631746],[144.96223990854062,-37.8180841120075],[144.96224090633933,-37.81808872436837],[144.96224362271437,-37.81809210482691],[144.9622471044708,-37.81809495872764],[144.9622489585133,-37.818099045202075],[144.96225024172716,-37.81810348226743],[144.96225180901385,-37.81810783413161],[144.96225491000257,-37.81811086077615],[144.96225819945408,-37.81811389158344],[144.96225967136232,-37.818118241796846],[144.96226038127094,-37.81812311952773],[144.96226099087096,-37.81812817485648],[144.96226179884235,-37.81813287404946],[144.96226403502192,-37.81813669678458],[144.96226770908748,-37.818139373777875],[144.96227004446558,-37.818143017994636],[144.96227132406872,-37.81814754511478],[144.96227260728463,-37.818151982179934],[144.9622752267362,-37.81815554119536],[144.96227871231568,-37.818158214926285],[144.96228066308223,-37.81816221295667],[144.96228136937995,-37.818167180742456],[144.96228179026312,-37.81817232382378],[144.96228192462098,-37.81817764128023],[144.962282439748,-37.81818278599256],[144.96228324410856,-37.81818757524039],[144.96228548142625,-37.8181913979948],[144.96228896453053,-37.81819416180013],[144.96229110512778,-37.81819807299807],[144.96229191310167,-37.818202772190865],[144.96229252267946,-37.81820782842021],[144.96229323148017,-37.818212705230536],[144.9622949910531,-37.81821688108801],[144.9622983785982,-37.818219732455645],[144.96230186172906,-37.81822249535986],[144.9623043844635,-37.81822614281839],[144.96230786509295,-37.818228996697854],[144.9623112526391,-37.81823184806512],[144.9623130111028,-37.81823602300197],[144.96231362677187,-37.818240899101575],[144.96231385782815,-37.8182461290151],[144.9623140864073,-37.81825144900328],[144.96231469598686,-37.81825650523253],[144.9623157869005,-37.818261119204216],[144.96231869424983,-37.81826441284852],[144.96232246393387,-37.81826700047625],[144.96232499160018,-37.8182704686858],[144.96232790029194,-37.81827367223562],[144.96233176422064,-37.81827626149404],[144.96233400288497,-37.818279994153315],[144.96233490149356,-37.81828478503184],[144.96233532238077,-37.818289928112996],[144.96233555096146,-37.81829524810113],[144.9623358776048,-37.81830038955131],[144.9623367737366,-37.818305270504446],[144.9623386338785,-37.81830917684799],[144.96234221012344,-37.81831194136249],[144.9623443556808,-37.818315672410264],[144.9623454416428,-37.818320466531006],[144.96234596172897,-37.81832543109381],[144.9623467611406,-37.81833040049057],[144.96234823419329,-37.818334750722606],[144.9623513338535,-37.8183378674592],[144.96235424500125,-37.81834098183453],[144.96235571557747,-37.81834542214115],[144.9623564243585,-37.81835029985189],[144.96235694085772,-37.818355353568904],[144.96235793618956,-37.81836005600356],[144.96236026907678,-37.81836379119412],[144.96236375469363,-37.81836646402206],[144.9623660876061,-37.81837019831176],[144.96236727524538,-37.81837472383935],[144.96236874468752,-37.81837916412616],[144.962371459737,-37.818382634676375],[144.96237494398875,-37.81838539849906],[144.96237670493636,-37.81838948336041],[144.96237741371905,-37.81839436107102],[144.96237773788837,-37.818399592595746],[144.9623780620825,-37.818404823219716],[144.96237838986443,-37.81840996468943],[144.96237928847708,-37.81841475556763],[144.96238171697743,-37.81841840139373],[144.9623853874484,-37.818421168438746],[144.9623874374253,-37.818424987949186],[144.9623887181752,-37.81842951508787],[144.96239009698797,-37.818433863688504],[144.96239281699442,-37.81843715408897],[144.96239648746675,-37.818439921133674],[144.96239844072352,-37.81844382908765],[144.96239972147438,-37.81844835622623],[144.96240128877633,-37.81845270808863],[144.96240168874164,-37.81845857084637]]]},"properties":{"OBJECTID":8,"STUDY_NAME":"ELIZABETH ST DRAIN (CITY)","UPSTREAM_LIMIT":"THERRY STREET MELBOURNE","DOWNSTREAM_LIMIT":"YARRA RIVER","STUDY_BY":"WATER TECHNOLOGY","STUDY_DATE":1504137600000,"ACCEPTED_ON":null,"ACCEPTED_BY":"CITY OF MELBOURNE","SURVEY_SOURCES":"LIDAR","CALCULATION_METHOD":null,"FLOOD_TYPE":"Underground Drains","FLOOD_EVENT":"1PCT","MODELLING_SCENARIO":"Yr 2100, RCP 8.5","COMMENTS":"CITY OF MELBOURNE FLOOD MAPPING FOR PLANNING SCHEME AMENDMENT","MERGE_SRC":"CC_Flood_Extent_1PCT_UGDrains_2100"}},{"type":"Feature","id":9,"geometry":{"type":"Polygon","coordinates":[[[144.96218169310467,-37.81852846523256],[144.9621960152999,-37.81852204531534],[144.9622129086169,-37.81851747224509],[144.96221825276766,-37.81851729438378],[144.9622232867297,-37.81851819256395],[144.96222203221149,-37.81851609905047],[144.96221855157245,-37.81851324516831],[144.96221698293843,-37.818508983398075],[144.96221617992143,-37.81850410405574],[144.96221566345605,-37.81849904943777],[144.96221476482845,-37.81849425945939],[144.96221281160507,-37.81849035060188],[144.96220923422138,-37.818487586063775],[144.96220689883623,-37.8184839418458],[144.9622058104041,-37.81847923779872],[144.96220538704813,-37.81847418479212],[144.96220449092354,-37.8184693038383],[144.96220301787704,-37.8184649536047],[144.96220000998505,-37.81846192857004],[144.96219633704203,-37.81845925159403],[144.9621938118283,-37.8184556942079],[144.962190525953,-37.81845257424436],[144.962186849398,-37.81844998732308],[144.96218499287377,-37.81844599092236],[144.9621839044435,-37.818441286875114],[144.9621834810644,-37.81843623476921],[144.96218258246424,-37.81843144388988],[144.96218082400387,-37.8184272689513],[144.96217733975774,-37.818424505123005],[144.96217462223882,-37.81842112464323],[144.962173243439,-37.818416776040415],[144.962171869594,-37.81841224728831],[144.96216972652013,-37.81840842616299],[144.96216604996803,-37.81840583924109],[144.96216343164897,-37.81840228024293],[144.96216224268005,-37.81839784480795],[144.9621608677005,-37.81839331603608],[144.96215843673465,-37.8183897602804],[144.96215485935778,-37.81838699574078],[144.9621527163103,-37.81838317371442],[144.96215172212678,-37.81837847129807],[144.96215120450606,-37.818373417560935],[144.96215049573846,-37.81836853984936],[144.96214892958838,-37.81836418800369],[144.96214573437481,-37.818361158824395],[144.96214282455242,-37.81835795525061],[144.96214144823284,-37.818353516572834],[144.96214083505183,-37.81834855039806],[144.96214013123978,-37.81834349253716],[144.96213932193257,-37.81833888343796],[144.96213679920285,-37.818335235976114],[144.96213321935198,-37.818332561510545],[144.96213107875965,-37.81832865030996],[144.9621297955497,-37.81832421324354],[144.96212841923148,-37.81831977456562],[144.96212551191348,-37.81831648001608],[144.96212193206392,-37.8183138055502],[144.9621199813024,-37.81830980751744],[144.96211870057078,-37.81830528037628],[144.96211722505487,-37.81830102021638],[144.96211412654174,-37.81829790349359],[144.9621108370885,-37.81829487268228],[144.96210936270865,-37.81829061254195],[144.96210855970048,-37.81828573319899],[144.9621080432433,-37.81828067858061],[144.96210714464948,-37.81827588770079],[144.9621050015827,-37.81827206657439],[144.9621013274921,-37.818269390476786],[144.96209889901036,-37.81826574464539],[144.9620975226949,-37.81826130596716],[144.96209633507374,-37.818256780437295],[144.9620938098714,-37.81825322304926],[144.96209023005076,-37.81825054768177],[144.96208818370673,-37.81824663811166],[144.96208728511454,-37.81824184723169],[144.962086768659,-37.818236792613234],[144.9620859656527,-37.81823191327015],[144.96208439455424,-37.81822774157297],[144.96208091525088,-37.81822479849361],[144.96207800657191,-37.81822159493804],[144.96207662664554,-37.81821724631457],[144.96207534705337,-37.818212719192665],[144.9620732996004,-37.818208808701904],[144.96206962664954,-37.818206132623075],[144.9620669091432,-37.81820275214106],[144.96206553035324,-37.81819840353712],[144.96206415538282,-37.81819387476427],[144.96206200984304,-37.8181901437118],[144.96205843250394,-37.81818737826882],[144.96205609713513,-37.81818373404814],[144.9620551029599,-37.818179031631075],[144.9620544873082,-37.818174155530556],[144.96205376863855,-37.81816963811704],[144.9620520909122,-37.81816591516146],[144.9620489478382,-37.81816441887981],[144.9620451832499,-37.81816507466101],[144.9620425777651,-37.81816782320716],[144.96203913835635,-37.81817028606563],[144.96203532558542,-37.818172652344145],[144.96203344091398,-37.81817649477645],[144.96203265333386,-37.81818125647171],[144.96203251464584,-37.81818629884969],[144.96203303966536,-37.81819108326407],[144.96203461323768,-37.818195164887186],[144.96203800074667,-37.818198017162764],[144.96204043170076,-37.8182015729207],[144.96204152011904,-37.81820627696907],[144.96204194098564,-37.818211420050744],[144.962042265131,-37.818216651575824],[144.96204249619285,-37.8182218805886],[144.96204320247492,-37.818226848375325],[144.96204477109362,-37.8182311101476],[144.9620482528484,-37.81823396405412],[144.96205106594076,-37.81823725607348],[144.96205253897426,-37.81824160630874],[144.9620536323487,-37.818246130207754],[144.9620558685205,-37.81824995294656],[144.9620595425837,-37.81825262994625],[144.96206225647848,-37.818256100483424],[144.96206353968336,-37.818260537550465],[144.96206482288835,-37.818264974617506],[144.96206725136835,-37.81826862044957],[144.96207092545762,-37.8182712965482],[144.96207335391335,-37.8182749432809],[144.96207454401076,-37.81827937873629],[144.96207582855865,-37.81828372570893],[144.9620782656075,-37.81828710133654],[144.96208138393789,-37.818289497463155],[144.96208251197356,-37.818292761217805],[144.96208130231068,-37.81829589349262],[144.9620783381424,-37.818298094225106],[144.96207685181307,-37.81830104237744],[144.96207760269135,-37.81830438882057],[144.96208062543658,-37.818306873410336],[144.9620833503546,-37.81830998456894],[144.96208463851633,-37.81831424148651],[144.96208591811052,-37.818318768608314],[144.9620879680691,-37.81832258812352],[144.9620916410263,-37.81832526420192],[144.96209426542953,-37.81832864307192],[144.96209554616,-37.81833317021329],[144.96209692247646,-37.81833760889155],[144.96209925534964,-37.81834134408688],[144.96210274095571,-37.818344016922275],[144.96210507385416,-37.818347751216756],[144.96210606669243,-37.81835254372774],[144.96210658562714,-37.81835750827146],[144.96210729191438,-37.81836247605784],[144.96210876495343,-37.81836682629248],[144.96211186594644,-37.81836985294084],[144.96211486885167,-37.81837305902759],[144.9621162463054,-37.818377497725294],[144.96211695509558,-37.81838237453626],[144.9621175657978,-37.81838743078573],[144.9621186567006,-37.818392044758845],[144.96212108766457,-37.81839560051528],[144.962124952909,-37.818398100586876],[144.9621278577774,-37.81840148431038],[144.96213057529346,-37.81840486479118],[144.96213434629468,-37.818407363231344],[144.96213706133386,-37.81841083378663],[144.96213815471552,-37.81841535768496],[144.96213885852794,-37.81842041554581],[144.96213947418653,-37.81842529164594],[144.96214057004585,-37.81842972546958],[144.96214320075143,-37.81843283409508],[144.96214603364916,-37.818435406416064],[144.96214659583714,-37.81843883971048],[144.96214501776544,-37.81844169525709],[144.96214205356816,-37.81844389689177],[144.9621410301222,-37.818447032390104],[144.96214253784757,-37.81845012157948],[144.96214594023613,-37.81845243340445],[144.96214876325013,-37.8184553651232],[144.96215129093892,-37.81845883243556],[144.96215496749303,-37.818461419357966],[144.9621579704285,-37.818464624543],[144.9621592536422,-37.81846906160913],[144.96215996241102,-37.818473939320626],[144.9621606662253,-37.81847899718137],[144.96216185271788,-37.818483522690954],[144.962164479607,-37.81848681148495],[144.96216843551375,-37.81848940234062],[144.96217105742397,-37.81849287218449],[144.96217396611718,-37.81849607573806],[144.96217783005153,-37.81849866500162],[144.9621800711667,-37.81850230848977],[144.96218115712017,-37.81850710261167],[144.96218129394765,-37.818512329993126],[144.9621814269312,-37.81851773844427],[144.96218156125659,-37.818523056801084],[144.96218169310467,-37.81852846523256]]]},"properties":{"OBJECTID":9,"STUDY_NAME":"ELIZABETH ST DRAIN (CITY)","UPSTREAM_LIMIT":"THERRY STREET MELBOURNE","DOWNSTREAM_LIMIT":"YARRA RIVER","STUDY_BY":"WATER TECHNOLOGY","STUDY_DATE":1504137600000,"ACCEPTED_ON":null,"ACCEPTED_BY":"CITY OF MELBOURNE","SURVEY_SOURCES":"LIDAR","CALCULATION_METHOD":null,"FLOOD_TYPE":"Underground Drains","FLOOD_EVENT":"1PCT","MODELLING_SCENARIO":"Yr 2100, RCP 8.5","COMMENTS":"CITY OF MELBOURNE FLOOD MAPPING FOR PLANNING SCHEME AMENDMENT","MERGE_SRC":"CC_Flood_Extent_1PCT_UGDrains_2100"}}]}
